weight_decay,lr,epochs,patience,delta,feature_dim,features,pre_process_layers,post_process_layers,layer_connectivity,hidden_channels,batch_norm,dropout,macro_aggregation,L2_norm,msg_passing_layers,normalize_output,heads,add_self_loops,concat,val_auc,accepted
0.001,0.01,500,10,0.1,32,random,1,1,False,32,False,0.0,sum,True,3,False,3,False,True,0.877,True
0.001,0.01,500,10,0.1,32,random,1,1,False,32,False,0.3,sum,True,3,False,3,False,True,0.755,True
0.001,0.01,500,10,0.1,32,random,1,1,sum,32,False,0.3,sum,True,3,False,3,False,True,0.78,True
0.001,0.01,500,10,0.1,32,go2vec,1,1,sum,32,False,0.3,sum,True,3,False,3,False,True,0.923,True
0.001,0.0001,500,10,0.1,32,go2vec,1,1,sum,32,False,0.3,sum,True,3,False,3,False,True,0.83,True
0.001,0.0001,500,10,0.1,32,go2vec,1,1,sum,32,False,0.3,sum,False,3,False,3,False,True,0.912,True
0.001,0.0001,500,10,0.1,32,go2vec,1,1,sum,32,False,0.3,mean,False,3,False,3,False,True,0.877,True
0.001,0.0001,500,10,0.1,32,go2vec,1,1,sum,32,False,0.3,mean,False,3,False,3,False,False,0.764,True
0.001,0.0001,500,10,0.1,32,go2vec,1,1,sum,32,False,0.3,mean,False,4,False,3,False,False,0.781,True
0.001,0.0001,500,10,0.1,32,go2vec,1,1,sum,32,False,0.3,mean,False,4,False,1,False,False,0.808,True
0.001,0.0001,500,10,0.1,32,go2vec,1,1,sum,32,False,0.3,mean,False,4,False,1,False,True,0.857,True
0.001,0.01,500,10,0.1,32,go2vec,1,1,sum,32,False,0.3,mean,False,4,False,1,False,True,0.94,True
0.001,0.01,500,10,0.1,32,go2vec,1,1,sum,16,False,0.3,mean,False,4,False,1,False,True,0.93,True
0.001,0.01,500,10,0.1,32,go2vec,1,1,sum,16,True,0.3,mean,False,4,False,1,False,True,0.91,True
0.001,0.01,400,10,0.1,32,go2vec,1,1,sum,16,True,0.3,mean,False,4,False,1,False,True,0.928,True
0.001,0.01,400,10,0.1,16,go2vec,1,1,sum,16,True,0.3,mean,False,4,False,1,False,True,0.927,True
0.001,0.01,400,10,0.1,16,go2vec,1,1,sum,16,True,0.3,mean,False,4,False,2,False,True,0.941,True
0.001,0.01,400,10,0.1,16,go2vec,1,1,sum,128,True,0.3,mean,False,4,False,2,False,True,0.5,True
0.001,0.001,400,10,0.1,16,go2vec,1,1,sum,128,True,0.3,mean,False,4,False,2,False,True,0.5,True
0.001,0.001,400,10,0.1,16,go2vec,1,1,sum,128,False,0.3,mean,False,4,False,2,False,True,0.946,True
0.001,0.001,400,10,0.1,16,go2vec,1,1,sum,128,False,0.5,mean,False,4,False,2,False,True,0.942,True
0.001,0.001,400,10,0.1,16,go2vec,1,1,sum,128,True,0.5,mean,False,4,False,2,False,True,0.506,False
0.001,0.001,400,10,0.1,16,go2vec,1,1,sum,128,False,0.5,mean,False,1,False,2,False,True,0.878,True
0.001,0.001,400,10,0.1,16,go2vec,1,1,sum,128,False,0.3,mean,False,1,False,2,False,True,0.891,True
0.001,0.001,400,10,0.1,16,go2vec,1,1,sum,128,False,0.3,mean,True,1,False,2,False,True,0.842,True
0.001,0.001,400,10,0.1,16,go2vec,1,1,sum,128,False,0.3,mean,True,2,False,2,False,True,0.918,True
0.001,0.001,400,10,0.1,16,go2vec,1,1,sum,128,False,0.3,mean,True,2,True,2,False,True,0.898,True
0.001,0.001,400,10,0.1,128,go2vec,1,1,sum,128,False,0.3,mean,True,2,True,2,False,True,0.817,True
0.001,0.001,300,10,0.1,128,go2vec,1,1,sum,128,False,0.3,mean,True,2,True,2,False,True,0.841,True
0.001,0.001,500,10,0.1,128,go2vec,1,1,sum,128,False,0.3,mean,True,2,True,2,False,True,0.801,False
0.001,0.001,300,10,0.1,128,go2vec,2,1,sum,128,False,0.3,mean,True,2,True,2,False,True,0.901,True
0.001,0.001,400,10,0.1,128,go2vec,2,1,sum,128,False,0.3,mean,True,2,True,2,False,True,0.902,True
0.001,0.001,400,10,0.1,128,go2vec,2,1,sum,128,False,0.3,mean,False,2,True,2,False,True,0.885,True
0.001,0.01,400,10,0.1,128,go2vec,2,1,sum,128,False,0.3,mean,False,2,True,2,False,True,0.886,True
0.001,0.01,400,10,0.1,128,go2vec,2,1,sum,128,True,0.3,mean,False,2,True,2,False,True,0.519,True
0.001,0.01,400,10,0.1,128,go2vec,2,1,sum,128,True,0.3,mean,False,2,True,2,False,False,0.685,True
0.001,0.01,400,10,0.1,128,go2vec,2,1,sum,16,True,0.3,mean,False,2,True,2,False,False,0.609,True
0.001,0.01,400,10,0.1,128,go2vec,2,2,sum,16,True,0.3,mean,False,2,True,2,False,False,0.628,True
0.001,0.01,500,10,0.1,128,go2vec,2,2,sum,16,True,0.3,mean,False,2,True,2,False,False,0.574,True
0.001,0.01,500,10,0.1,128,go2vec,2,2,sum,16,False,0.3,mean,False,2,True,2,False,False,0.852,True
0.001,0.01,500,10,0.1,128,go2vec,2,0,sum,16,False,0.3,mean,False,2,True,2,False,False,0.879,True
0.001,0.01,400,10,0.1,128,go2vec,2,0,sum,16,False,0.3,mean,False,2,True,2,False,False,0.879,True
0.001,0.01,400,10,0.1,128,go2vec,2,0,sum,16,False,0.5,mean,False,2,True,2,False,False,0.823,True
0.001,0.01,400,10,0.1,128,go2vec,2,0,sum,16,False,0.5,sum,False,2,True,2,False,False,0.856,True
0.001,0.01,400,10,0.1,128,go2vec,2,0,sum,16,False,0.5,sum,False,2,False,2,False,False,0.796,True
0.001,0.01,400,10,0.1,128,go2vec,2,0,sum,16,False,0.5,sum,True,2,False,2,False,False,0.855,True
0.001,0.01,400,10,0.1,128,go2vec,2,0,sum,16,False,0.5,sum,True,2,False,2,False,True,0.868,True
0.001,0.01,400,10,0.1,128,random,2,0,sum,16,False,0.5,sum,True,2,False,2,False,True,0.742,True
0.001,0.01,400,10,0.1,128,random,1,0,sum,16,False,0.5,sum,True,2,False,2,False,True,0.663,True
0.001,0.01,400,10,0.1,128,random,1,0,False,16,False,0.5,sum,True,2,False,2,False,True,0.605,True
0.001,0.01,400,10,0.1,128,random,1,0,False,16,False,0.5,sum,True,3,False,2,False,True,0.787,True
0.001,0.001,400,10,0.1,128,random,1,0,False,16,False,0.5,sum,True,3,False,2,False,True,0.694,True
0.001,0.001,400,10,0.1,128,random,1,0,False,16,False,0.5,sum,True,4,False,2,False,True,0.779,True
0.001,0.001,400,10,0.1,128,go2vec,1,0,False,16,False,0.5,sum,True,4,False,2,False,True,0.898,True
0.001,0.001,400,10,0.1,16,go2vec,1,0,False,16,False,0.5,sum,True,4,False,2,False,True,0.878,True
0.001,0.001,400,10,0.1,16,go2vec,1,0,False,16,True,0.5,sum,True,4,False,2,False,True,0.893,True
0.001,0.001,400,10,0.1,16,go2vec,1,0,False,16,True,0.5,sum,True,3,False,2,False,True,0.889,True
0.001,0.001,400,10,0.1,16,go2vec,1,0,False,16,True,0.5,sum,True,3,False,2,False,False,0.857,True
0.001,0.001,400,10,0.1,16,go2vec,2,0,False,16,True,0.5,sum,True,3,False,2,False,False,0.852,True
0.001,0.001,400,10,0.1,16,go2vec,2,0,cat,16,True,0.5,sum,True,3,False,2,False,False,0.696,True
0.001,0.01,400,10,0.1,16,go2vec,2,0,cat,16,True,0.5,sum,True,3,False,2,False,False,0.555,True
0.001,0.01,400,10,0.1,16,go2vec,2,1,cat,16,True,0.5,sum,True,3,False,2,False,False,0.607,True
0.001,0.01,400,10,0.1,16,go2vec,2,1,cat,16,False,0.5,sum,True,3,False,2,False,False,0.793,True
0.001,0.01,400,10,0.1,16,go2vec,2,1,cat,16,False,0.5,sum,True,3,True,2,False,False,0.846,True
0.001,0.001,400,10,0.1,16,go2vec,2,1,cat,16,False,0.5,sum,True,3,True,2,False,False,0.862,True
0.001,0.001,400,10,0.1,16,go2vec,2,0,cat,16,False,0.5,sum,True,3,True,2,False,False,0.854,True
0.001,0.001,400,10,0.1,16,go2vec,2,0,cat,16,False,0.5,sum,True,3,True,3,False,False,0.866,True
0.001,0.001,500,10,0.1,16,go2vec,2,0,cat,16,False,0.5,sum,True,3,True,3,False,False,0.864,True
0.001,0.001,500,10,0.1,16,go2vec,2,0,cat,16,False,0.0,sum,True,3,True,3,False,False,0.897,True
0.001,0.001,500,10,0.1,16,go2vec,2,0,cat,16,False,0.0,sum,True,4,True,3,False,False,0.889,True
0.001,0.001,500,10,0.1,16,go2vec,2,0,cat,16,False,0.0,sum,True,4,True,2,False,False,0.89,True
0.001,0.001,500,10,0.1,16,go2vec,2,0,cat,16,True,0.0,sum,True,4,True,2,False,False,0.828,True
0.001,0.001,500,10,0.1,16,go2vec,2,0,cat,16,True,0.0,sum,False,4,True,2,False,False,0.815,True
0.001,0.001,500,10,0.1,16,go2vec,2,0,sum,16,True,0.0,sum,False,4,True,2,False,False,0.839,True
0.001,0.001,500,10,0.1,16,go2vec,2,0,False,16,True,0.0,sum,False,4,True,2,False,False,0.841,True
0.001,0.001,500,10,0.1,16,go2vec,2,0,False,16,True,0.0,sum,False,4,False,2,False,False,0.726,True
0.001,0.001,500,10,0.1,16,go2vec,2,2,False,16,True,0.0,sum,False,4,False,2,False,False,0.663,True
0.001,0.001,500,10,0.1,16,go2vec,2,2,False,16,True,0.0,sum,True,4,False,2,False,False,0.427,True
0.001,0.001,500,10,0.1,16,go2vec,2,0,False,16,True,0.0,sum,True,4,False,2,False,False,0.793,True
0.001,0.001,500,10,0.1,16,go2vec,2,0,False,16,True,0.0,sum,True,4,False,1,False,False,0.756,True
0.001,0.001,500,10,0.1,16,go2vec,2,0,False,16,True,0.0,sum,False,4,False,1,False,False,0.811,True
0.001,0.001,500,10,0.1,16,go2vec,2,0,False,16,True,0.0,sum,False,4,False,1,False,True,0.505,True
0.001,0.001,500,10,0.1,16,go2vec,2,0,False,16,True,0.0,mean,False,4,False,1,False,True,0.887,True
0.001,0.001,500,10,0.1,16,go2vec,2,0,False,16,True,0.0,mean,False,1,False,1,False,True,0.709,True
0.001,0.001,500,10,0.1,16,go2vec,2,0,False,16,True,0.0,sum,False,1,False,1,False,True,0.631,True
0.001,0.001,500,10,0.1,16,go2vec,2,0,False,16,True,0.0,sum,True,1,False,1,False,True,0.536,True
0.001,0.001,300,10,0.1,16,go2vec,2,0,False,16,True,0.0,sum,True,1,False,1,False,True,0.664,True
0.001,0.001,300,10,0.1,16,go2vec,2,0,False,16,False,0.0,sum,True,1,False,1,False,True,0.81,True
0.001,0.01,300,10,0.1,16,go2vec,2,0,False,16,False,0.0,sum,True,1,False,1,False,True,0.812,True
0.001,0.01,300,10,0.1,16,go2vec,2,0,False,16,False,0.0,sum,True,1,True,1,False,True,0.803,True
0.001,0.01,300,10,0.1,16,go2vec,2,0,False,16,False,0.0,sum,True,1,True,3,False,True,0.814,True
0.001,0.01,300,10,0.1,16,go2vec,2,0,False,16,False,0.0,mean,True,1,True,3,False,True,0.821,True
0.001,0.01,300,10,0.1,16,go2vec,1,0,False,16,False,0.0,mean,True,1,True,3,False,True,0.789,True
0.001,0.01,300,10,0.1,16,go2vec,1,0,False,16,False,0.0,mean,True,2,True,3,False,True,0.877,True
0.001,0.01,300,10,0.1,16,random,1,0,False,16,False,0.0,mean,True,2,True,3,False,True,0.773,True
0.001,0.01,500,10,0.1,16,random,1,0,False,16,False,0.0,mean,True,2,True,3,False,True,0.782,True
0.001,0.01,500,10,0.1,16,random,1,0,False,16,False,0.3,mean,True,2,True,3,False,True,0.724,True
0.001,0.001,500,10,0.1,16,random,1,0,False,16,False,0.3,mean,True,2,True,3,False,True,0.733,True
0.001,0.001,500,10,0.1,16,random,1,0,False,16,False,0.5,mean,True,2,True,3,False,True,0.741,True
0.001,0.001,500,10,0.1,16,random,1,0,sum,16,False,0.5,mean,True,2,True,3,False,True,0.733,True
0.001,0.001,500,10,0.1,16,go2vec,1,0,sum,16,False,0.5,mean,True,2,True,3,False,True,0.9,True
0.001,0.01,500,10,0.1,16,go2vec,1,0,sum,16,False,0.5,mean,True,2,True,3,False,True,0.877,True
0.001,0.01,500,10,0.1,16,go2vec,1,0,sum,16,False,0.5,mean,False,2,True,3,False,True,0.872,True
0.001,0.01,500,10,0.1,16,go2vec,1,0,sum,16,False,0.5,sum,False,2,True,3,False,True,0.888,True
0.001,0.01,500,10,0.1,16,go2vec,1,0,sum,16,False,0.5,sum,False,2,True,3,False,False,0.831,True
0.001,0.01,500,10,0.1,16,go2vec,1,0,sum,16,False,0.5,sum,False,3,True,3,False,False,0.821,True
0.001,0.01,500,10,0.1,16,go2vec,1,0,sum,16,False,0.5,sum,False,3,True,1,False,False,0.894,True
0.001,0.01,500,10,0.1,16,go2vec,1,0,sum,16,False,0.5,sum,False,3,True,1,False,True,0.893,True
0.001,0.001,500,10,0.1,16,go2vec,1,0,sum,16,False,0.5,sum,False,3,True,1,False,True,0.893,True
0.001,0.001,500,10,0.1,16,go2vec,1,0,sum,128,False,0.5,sum,False,3,True,1,False,True,0.905,True
0.001,0.001,500,10,0.1,16,go2vec,1,0,sum,128,True,0.5,sum,False,3,True,1,False,True,0.902,True
0.001,0.001,400,10,0.1,16,go2vec,1,0,sum,128,True,0.5,sum,False,3,True,1,False,True,0.897,True
0.001,0.001,400,10,0.1,128,go2vec,1,0,sum,128,True,0.5,sum,False,3,True,1,False,True,0.821,True
0.001,0.001,400,10,0.1,128,go2vec,1,0,sum,128,True,0.5,sum,False,3,True,2,False,True,0.85,True
0.001,0.001,400,10,0.1,128,go2vec,1,0,sum,64,True,0.5,sum,False,3,True,2,False,True,0.864,True
0.001,0.0001,400,10,0.1,128,go2vec,1,0,sum,64,True,0.5,sum,False,3,True,2,False,True,0.829,True
0.001,0.0001,400,10,0.1,128,go2vec,1,0,sum,64,False,0.5,sum,False,3,True,2,False,True,0.866,True
0.001,0.0001,400,10,0.1,128,go2vec,1,0,sum,64,False,0.0,sum,False,3,True,2,False,True,0.889,True
0.001,0.0001,400,10,0.1,128,go2vec,1,0,sum,64,True,0.0,sum,False,3,True,2,False,True,0.889,True
0.001,0.0001,400,10,0.1,128,go2vec,1,0,sum,64,True,0.0,sum,False,4,True,2,False,True,0.892,True
0.001,0.0001,400,10,0.1,128,go2vec,1,0,sum,64,True,0.5,sum,False,4,True,2,False,True,0.84,True
0.001,0.0001,400,10,0.1,128,go2vec,1,0,sum,64,True,0.5,sum,True,4,True,2,False,True,0.845,True
0.001,0.0001,400,10,0.1,128,go2vec,1,0,sum,64,True,0.5,sum,True,1,True,2,False,True,0.773,True
0.001,0.0001,400,10,0.1,128,go2vec,1,0,sum,64,True,0.5,sum,True,1,False,2,False,True,0.775,True
0.001,0.0001,400,10,0.1,64,go2vec,1,0,sum,64,True,0.5,sum,True,1,False,2,False,True,0.771,True
0.001,0.0001,300,10,0.1,64,go2vec,1,0,sum,64,True,0.5,sum,True,1,False,2,False,True,0.773,True
0.001,0.0001,500,10,0.1,64,go2vec,1,0,sum,64,True,0.5,sum,True,1,False,2,False,True,0.786,True
0.001,0.0001,500,10,0.1,64,go2vec,2,0,sum,64,True,0.5,sum,True,1,False,2,False,True,0.78,True
0.001,0.0001,300,10,0.1,64,go2vec,2,0,sum,64,True,0.5,sum,True,1,False,2,False,True,0.754,True
0.001,0.0001,300,10,0.1,64,go2vec,2,0,sum,64,True,0.5,sum,False,1,False,2,False,True,0.68,True
0.001,0.001,300,10,0.1,64,go2vec,2,0,sum,64,True,0.5,sum,False,1,False,2,False,True,0.774,True
0.001,0.001,300,10,0.1,64,go2vec,2,0,sum,64,False,0.5,sum,False,1,False,2,False,True,0.833,True
0.001,0.001,300,10,0.1,64,go2vec,2,0,sum,64,False,0.5,sum,False,1,False,2,False,False,0.817,True
0.001,0.001,300,10,0.1,64,go2vec,2,0,sum,128,False,0.5,sum,False,1,False,2,False,False,0.814,True
0.001,0.001,300,10,0.1,64,go2vec,2,1,sum,128,False,0.5,sum,False,1,False,2,False,False,0.876,True
0.001,0.001,400,10,0.1,64,go2vec,2,1,sum,128,False,0.5,sum,False,1,False,2,False,False,0.863,True
0.001,0.001,400,10,0.1,64,go2vec,2,1,sum,128,True,0.5,sum,False,1,False,2,False,False,0.802,True
0.001,0.001,400,10,0.1,64,go2vec,2,2,sum,128,True,0.5,sum,False,1,False,2,False,False,0.726,True
0.001,0.001,300,10,0.1,64,go2vec,2,2,sum,128,True,0.5,sum,False,1,False,2,False,False,0.814,True
0.001,0.001,300,10,0.1,64,go2vec,2,2,sum,128,True,0.0,sum,False,1,False,2,False,False,0.724,True
0.001,0.001,300,10,0.1,64,go2vec,2,2,sum,128,True,0.0,mean,False,1,False,2,False,False,0.704,True
0.001,0.001,300,10,0.1,64,go2vec,2,2,sum,128,True,0.0,mean,False,1,True,2,False,False,0.737,True
0.001,0.001,300,10,0.1,64,go2vec,2,2,sum,128,True,0.0,mean,True,1,True,2,False,False,0.706,True
0.001,0.001,300,10,0.1,64,go2vec,2,2,sum,128,True,0.0,mean,True,1,True,2,False,True,0.694,True
0.001,0.001,300,10,0.1,64,random,2,2,sum,128,True,0.0,mean,True,1,True,2,False,True,0.492,True
0.001,0.001,300,10,0.1,64,random,1,2,sum,128,True,0.0,mean,True,1,True,2,False,True,0.501,True
0.001,0.001,300,10,0.1,64,random,1,2,False,128,True,0.0,mean,True,1,True,2,False,True,0.574,True
0.001,0.001,300,10,0.1,64,random,1,2,False,128,True,0.0,mean,True,2,True,2,False,True,0.573,True
0.001,0.0001,300,10,0.1,64,random,1,2,False,128,True,0.0,mean,True,2,True,2,False,True,0.458,True
0.001,0.0001,300,10,0.1,64,random,1,2,False,128,True,0.0,mean,True,3,True,2,False,True,0.754,True
0.001,0.0001,300,10,0.1,64,go2vec,1,2,False,128,True,0.0,mean,True,3,True,2,False,True,0.805,True
0.001,0.0001,300,10,0.1,128,go2vec,1,2,False,128,True,0.0,mean,True,3,True,2,False,True,0.843,True
0.001,0.0001,300,10,0.1,128,go2vec,1,2,False,128,False,0.0,mean,True,3,True,2,False,True,0.899,True
0.001,0.0001,300,10,0.1,128,go2vec,1,2,False,128,False,0.0,mean,True,2,True,2,False,True,0.872,True
0.001,0.0001,300,10,0.1,128,go2vec,1,2,False,128,False,0.0,mean,True,2,True,2,False,False,0.876,True
0.001,0.0001,300,10,0.1,128,go2vec,2,2,False,128,False,0.0,mean,True,2,True,2,False,False,0.884,True
0.001,0.0001,300,10,0.1,128,go2vec,2,2,cat,128,False,0.0,mean,True,2,True,2,False,False,0.878,True
0.001,0.001,300,10,0.1,128,go2vec,2,2,cat,128,False,0.0,mean,True,2,True,2,False,False,0.85,True
0.001,0.001,300,10,0.1,128,go2vec,2,0,cat,128,False,0.0,mean,True,2,True,2,False,False,0.897,True
0.001,0.001,300,10,0.1,128,go2vec,2,0,cat,128,True,0.0,mean,True,2,True,2,False,False,0.588,True
0.001,0.001,300,10,0.1,128,go2vec,2,0,cat,128,True,0.0,mean,True,2,False,2,False,False,0.636,True
0.001,0.0001,300,10,0.1,128,go2vec,2,0,cat,128,True,0.0,mean,True,2,False,2,False,False,0.868,True
0.001,0.0001,300,10,0.1,128,go2vec,2,2,cat,128,True,0.0,mean,True,2,False,2,False,False,0.823,True
0.001,0.0001,300,10,0.1,128,go2vec,2,2,cat,128,True,0.0,mean,True,2,False,3,False,False,0.871,True
0.001,0.0001,400,10,0.1,128,go2vec,2,2,cat,128,True,0.0,mean,True,2,False,3,False,False,0.863,True
0.001,0.0001,400,10,0.1,128,go2vec,2,2,cat,128,True,0.3,mean,True,2,False,3,False,False,0.904,True
0.001,0.0001,400,10,0.1,128,go2vec,2,2,cat,128,True,0.3,mean,True,3,False,3,False,False,0.917,True
0.001,0.0001,400,10,0.1,128,go2vec,2,2,cat,128,True,0.3,mean,True,3,False,2,False,False,0.904,True
0.001,0.0001,400,10,0.1,128,go2vec,2,2,cat,128,False,0.3,mean,True,3,False,2,False,False,0.83,True
0.001,0.0001,400,10,0.1,128,go2vec,2,2,cat,128,False,0.3,mean,False,3,False,2,False,False,0.82,True
0.001,0.0001,400,10,0.1,128,go2vec,2,2,sum,128,False,0.3,mean,False,3,False,2,False,False,0.832,True
0.001,0.0001,400,10,0.1,128,go2vec,2,2,False,128,False,0.3,mean,False,3,False,2,False,False,0.62,True
0.001,0.0001,400,10,0.1,128,go2vec,2,2,False,128,False,0.3,mean,False,3,True,2,False,False,0.618,True
0.001,0.0001,400,10,0.1,128,go2vec,2,1,False,128,False,0.3,mean,False,3,True,2,False,False,0.627,True
0.001,0.0001,400,10,0.1,128,go2vec,2,1,False,128,False,0.3,mean,True,3,True,2,False,False,0.884,True
0.001,0.0001,400,10,0.1,128,go2vec,2,2,False,128,False,0.3,mean,True,3,True,2,False,False,0.864,True
0.001,0.0001,400,10,0.1,128,go2vec,2,2,False,128,False,0.3,mean,True,3,True,1,False,False,0.822,False
0.001,0.0001,400,10,0.1,128,go2vec,2,2,False,128,False,0.3,mean,True,3,True,2,False,True,0.877,True
0.001,0.0001,400,10,0.1,128,go2vec,2,2,False,128,False,0.3,sum,True,3,True,2,False,True,0.872,True
0.001,0.0001,400,10,0.1,128,go2vec,2,2,False,128,False,0.3,sum,True,4,True,2,False,True,0.872,True
0.001,0.0001,400,10,0.1,128,go2vec,2,2,False,128,False,0.3,mean,True,4,True,2,False,True,0.86,True
0.001,0.0001,400,10,0.1,128,go2vec,2,2,False,128,False,0.3,mean,False,4,True,2,False,True,0.765,True
0.001,0.0001,500,10,0.1,128,go2vec,2,2,False,128,False,0.3,mean,False,4,True,2,False,True,0.796,True
0.001,0.0001,500,10,0.1,128,go2vec,2,2,False,128,True,0.3,mean,False,4,True,2,False,True,0.829,True
0.001,0.001,500,10,0.1,128,go2vec,2,2,False,128,True,0.3,mean,False,4,True,2,False,True,0.57,True
0.001,0.001,500,10,0.1,128,go2vec,2,2,False,128,True,0.3,mean,False,4,False,2,False,True,0.899,True
0.001,0.001,500,10,0.1,128,go2vec,2,2,False,128,True,0.3,mean,False,4,False,1,False,True,0.819,True
0.001,0.001,500,10,0.1,128,go2vec,2,2,False,128,True,0.3,sum,False,4,False,1,False,True,0.826,True
0.001,0.001,500,10,0.1,128,go2vec,1,2,False,128,True,0.3,sum,False,4,False,1,False,True,0.849,True
0.001,0.001,500,10,0.1,128,go2vec,1,2,False,128,True,0.3,sum,False,1,False,1,False,True,0.578,True
0.001,0.001,500,10,0.1,128,random,1,2,False,128,True,0.3,sum,False,1,False,1,False,True,0.577,True
0.001,0.001,400,10,0.1,128,random,1,2,False,128,True,0.3,sum,False,1,False,1,False,True,0.587,True
0.001,0.001,400,10,0.1,128,random,1,2,False,128,True,0.5,sum,False,1,False,1,False,True,0.534,True
0.001,0.0001,400,10,0.1,128,random,1,2,False,128,True,0.5,sum,False,1,False,1,False,True,0.64,True
0.001,0.01,400,10,0.1,128,random,1,2,False,128,True,0.5,sum,False,1,False,1,False,True,0.649,True
0.001,0.01,400,10,0.1,128,random,1,2,False,128,True,0.0,sum,False,1,False,1,False,True,0.566,True
0.001,0.01,400,10,0.1,128,random,1,2,sum,128,True,0.0,sum,False,1,False,1,False,True,0.496,True
0.001,0.01,400,10,0.1,128,go2vec,1,2,sum,128,True,0.0,sum,False,1,False,1,False,True,0.61,True
0.001,0.0001,400,10,0.1,128,go2vec,1,2,sum,128,True,0.0,sum,False,1,False,1,False,True,0.781,True
0.001,0.0001,400,10,0.1,128,go2vec,1,2,sum,128,True,0.0,sum,True,1,False,1,False,True,0.782,True
0.001,0.0001,400,10,0.1,128,go2vec,1,2,sum,128,True,0.0,mean,True,1,False,1,False,True,0.782,True
0.001,0.0001,400,10,0.1,128,go2vec,1,2,sum,128,True,0.0,mean,True,1,False,1,False,False,0.72,True
0.001,0.0001,400,10,0.1,128,go2vec,1,2,sum,128,True,0.0,mean,True,2,False,1,False,False,0.836,True
0.001,0.0001,400,10,0.1,128,go2vec,1,2,sum,128,True,0.0,mean,True,2,False,2,False,False,0.873,True
0.001,0.0001,400,10,0.1,128,go2vec,1,2,sum,128,True,0.0,mean,True,2,False,2,False,True,0.861,True
0.001,0.01,400,10,0.1,128,go2vec,1,2,sum,128,True,0.0,mean,True,2,False,2,False,True,0.693,True
0.001,0.01,400,10,0.1,128,go2vec,1,2,sum,64,True,0.0,mean,True,2,False,2,False,True,0.86,True
0.001,0.01,400,10,0.1,128,go2vec,1,2,sum,64,False,0.0,mean,True,2,False,2,False,True,0.873,True
0.001,0.01,300,10,0.1,128,go2vec,1,2,sum,64,False,0.0,mean,True,2,False,2,False,True,0.864,True
0.001,0.01,300,10,0.1,64,go2vec,1,2,sum,64,False,0.0,mean,True,2,False,2,False,True,0.89,True
0.001,0.01,300,10,0.1,64,go2vec,1,2,sum,64,False,0.0,mean,True,2,False,3,False,True,0.893,True
0.001,0.01,300,10,0.1,64,go2vec,1,2,sum,32,False,0.0,mean,True,2,False,3,False,True,0.704,True
0.001,0.001,300,10,0.1,64,go2vec,1,2,sum,32,False,0.0,mean,True,2,False,3,False,True,0.889,True
0.001,0.001,300,10,0.1,64,go2vec,1,2,sum,32,True,0.0,mean,True,2,False,3,False,True,0.867,True
0.001,0.001,300,10,0.1,64,go2vec,1,2,sum,32,True,0.3,mean,True,2,False,3,False,True,0.907,True
0.001,0.001,300,10,0.1,64,go2vec,1,2,sum,32,False,0.3,mean,True,2,False,3,False,True,0.885,True
0.001,0.001,300,10,0.1,64,go2vec,1,2,sum,32,False,0.3,mean,True,3,False,3,False,True,0.892,True
0.001,0.001,300,10,0.1,64,go2vec,1,2,sum,32,False,0.0,mean,True,3,False,3,False,True,0.849,True
0.001,0.001,300,10,0.1,64,go2vec,1,2,sum,32,False,0.0,mean,False,3,False,3,False,True,0.917,True
0.001,0.001,300,10,0.1,64,go2vec,1,2,sum,32,False,0.0,mean,False,4,False,3,False,True,0.928,True
0.001,0.001,300,10,0.1,64,go2vec,1,2,sum,32,False,0.0,mean,False,4,True,3,False,True,0.894,True
0.001,0.001,300,10,0.1,32,go2vec,1,2,sum,32,False,0.0,mean,False,4,True,3,False,True,0.895,True
0.001,0.001,500,10,0.1,32,go2vec,1,2,sum,32,False,0.0,mean,False,4,True,3,False,True,0.897,True
0.001,0.001,400,10,0.1,32,go2vec,1,2,sum,32,False,0.0,mean,False,4,True,3,False,True,0.892,True
0.001,0.001,400,10,0.1,32,go2vec,2,2,sum,32,False,0.0,mean,False,4,True,3,False,True,0.902,True
0.001,0.001,500,10,0.1,32,go2vec,2,2,sum,32,False,0.0,mean,False,4,True,3,False,True,0.903,True
0.001,0.001,500,10,0.1,32,go2vec,2,2,sum,32,False,0.0,mean,True,4,True,3,False,True,0.884,True
0.001,0.01,500,10,0.1,32,go2vec,2,2,sum,32,False,0.0,mean,True,4,True,3,False,True,0.897,True
0.001,0.01,500,10,0.1,32,go2vec,2,2,sum,32,True,0.0,mean,True,4,True,3,False,True,0.546,False
0.001,0.01,500,10,0.1,32,go2vec,2,2,sum,32,False,0.0,mean,True,4,True,3,False,False,0.867,True
0.001,0.01,500,10,0.1,32,go2vec,2,2,sum,64,False,0.0,mean,True,4,True,3,False,False,0.84,True
0.001,0.01,500,10,0.1,32,go2vec,2,0,sum,64,False,0.0,mean,True,4,True,3,False,False,0.893,True
0.001,0.01,300,10,0.1,32,go2vec,2,0,sum,64,False,0.0,mean,True,4,True,3,False,False,0.877,True
0.001,0.01,300,10,0.1,32,go2vec,2,0,sum,64,True,0.0,mean,True,4,True,3,False,False,0.653,True
0.001,0.01,300,10,0.1,32,go2vec,2,1,sum,64,True,0.0,mean,True,4,True,3,False,False,0.838,True
0.001,0.01,500,10,0.1,32,go2vec,2,1,sum,64,True,0.0,mean,True,4,True,3,False,False,0.792,True
0.001,0.01,500,10,0.1,32,go2vec,2,1,sum,64,True,0.3,mean,True,4,True,3,False,False,0.855,True
0.001,0.01,500,10,0.1,32,go2vec,2,1,sum,64,True,0.3,sum,True,4,True,3,False,False,0.706,True
0.001,0.01,500,10,0.1,32,go2vec,2,1,sum,64,True,0.3,sum,True,4,False,3,False,False,0.883,True
0.001,0.01,500,10,0.1,32,go2vec,2,1,sum,64,True,0.3,sum,False,4,False,3,False,False,0.5,True
0.001,0.01,500,10,0.1,32,go2vec,2,1,sum,64,True,0.3,sum,False,4,False,3,False,True,0.5,True
0.001,0.01,500,10,0.1,32,random,2,1,sum,64,True,0.3,sum,False,4,False,3,False,True,0.5,True
0.001,0.01,500,10,0.1,32,random,1,1,sum,64,True,0.3,sum,False,4,False,3,False,True,0.5,True
0.001,0.01,500,10,0.1,32,random,1,1,False,64,True,0.3,sum,False,4,False,3,False,True,0.647,True
0.001,0.01,500,10,0.1,32,random,1,1,False,64,True,0.3,sum,False,1,False,3,False,True,0.497,True
0.001,0.001,500,10,0.1,32,random,1,1,False,64,True,0.3,sum,False,1,False,3,False,True,0.62,True
0.001,0.001,500,10,0.1,32,random,1,1,False,64,True,0.3,sum,False,2,False,3,False,True,0.46,True
0.001,0.001,500,10,0.1,32,go2vec,1,1,False,64,True,0.3,sum,False,2,False,3,False,True,0.733,True
0.001,0.001,500,10,0.1,64,go2vec,1,1,False,64,True,0.3,sum,False,2,False,3,False,True,0.67,True
0.001,0.001,500,10,0.1,64,go2vec,1,1,False,64,False,0.3,sum,False,2,False,3,False,True,0.927,True
0.001,0.001,500,10,0.1,64,go2vec,1,1,False,64,False,0.3,sum,False,1,False,3,False,True,0.842,True
0.001,0.001,500,10,0.1,64,go2vec,1,1,False,64,False,0.3,sum,False,1,False,3,False,False,0.848,True
0.001,0.001,500,10,0.1,64,go2vec,2,1,False,64,False,0.3,sum,False,1,False,3,False,False,0.82,False
0.001,0.001,500,10,0.1,64,go2vec,1,1,cat,64,False,0.3,sum,False,1,False,3,False,False,0.891,True
0.001,0.001,500,10,0.1,64,go2vec,2,1,cat,64,False,0.3,sum,False,1,False,3,False,False,0.878,True
0.001,0.01,500,10,0.1,64,go2vec,2,1,cat,64,False,0.3,sum,False,1,False,3,False,False,0.808,True
0.001,0.01,500,10,0.1,64,go2vec,2,2,cat,64,False,0.3,sum,False,1,False,3,False,False,0.883,True
0.001,0.01,500,10,0.1,64,go2vec,2,2,cat,64,True,0.3,sum,False,1,False,3,False,False,0.547,True
0.001,0.01,500,10,0.1,64,go2vec,2,2,cat,64,True,0.3,sum,False,1,True,3,False,False,0.582,True
0.001,0.001,500,10,0.1,64,go2vec,2,2,cat,64,True,0.3,sum,False,1,True,3,False,False,0.606,True
0.001,0.001,500,10,0.1,64,go2vec,2,1,cat,64,True,0.3,sum,False,1,True,3,False,False,0.678,True
0.001,0.001,500,10,0.1,64,go2vec,2,1,cat,64,True,0.3,sum,False,1,True,1,False,False,0.709,True
0.001,0.001,300,10,0.1,64,go2vec,2,1,cat,64,True,0.3,sum,False,1,True,1,False,False,0.68,True
0.001,0.001,300,10,0.1,64,go2vec,2,1,cat,64,True,0.5,sum,False,1,True,1,False,False,0.717,True
0.001,0.001,300,10,0.1,64,go2vec,2,1,cat,64,True,0.5,sum,False,2,True,1,False,False,0.866,True
0.001,0.001,300,10,0.1,64,go2vec,0,1,cat,64,True,0.5,sum,False,2,True,1,False,False,0.897,True
0.001,0.001,300,10,0.1,64,go2vec,0,1,cat,64,True,0.5,sum,False,2,True,3,False,False,0.894,True
0.001,0.001,300,10,0.1,64,go2vec,0,1,cat,64,False,0.5,sum,False,2,True,3,False,False,0.897,True
0.001,0.001,300,10,0.1,64,go2vec,0,1,cat,64,False,0.5,sum,True,2,True,3,False,False,0.894,True
0.001,0.001,300,10,0.1,64,go2vec,0,1,sum,64,False,0.5,sum,True,2,True,3,False,False,0.891,True
0.001,0.001,300,10,0.1,64,go2vec,0,1,False,64,False,0.5,sum,True,2,True,3,False,False,0.843,True
0.001,0.001,300,10,0.1,64,go2vec,0,1,False,64,False,0.5,sum,True,2,False,3,False,False,0.755,True
0.001,0.001,300,10,0.1,64,go2vec,0,0,False,64,False,0.5,sum,True,2,False,3,False,False,0.819,True
0.001,0.001,300,10,0.1,64,go2vec,0,0,False,64,False,0.5,sum,False,2,False,3,False,False,0.902,True
0.001,0.001,300,10,0.1,64,go2vec,0,1,False,64,False,0.5,sum,False,2,False,3,False,False,0.874,True
0.001,0.001,300,10,0.1,64,go2vec,0,1,False,64,False,0.5,sum,False,2,False,2,False,False,0.89,True
0.001,0.001,300,10,0.1,64,go2vec,0,1,False,64,False,0.5,sum,True,2,False,2,False,False,0.623,True
0.001,0.001,300,10,0.1,64,go2vec,0,1,False,64,False,0.5,sum,True,2,False,2,False,True,0.692,True
0.001,0.001,300,10,0.1,64,go2vec,0,1,False,64,False,0.5,mean,True,2,False,2,False,True,0.705,True
0.001,0.001,300,10,0.1,64,go2vec,0,1,False,64,False,0.5,mean,True,3,False,2,False,True,0.8,True
0.001,0.001,300,10,0.1,64,go2vec,0,1,False,64,False,0.5,sum,True,3,False,2,False,True,0.808,True
0.001,0.001,300,10,0.1,64,go2vec,0,1,False,64,False,0.5,sum,False,3,False,2,False,True,0.936,True
0.001,0.001,400,10,0.1,64,go2vec,0,1,False,64,False,0.5,sum,False,3,False,2,False,True,0.937,True
0.001,0.001,400,10,0.1,64,go2vec,0,1,False,64,True,0.5,sum,False,3,False,2,False,True,0.948,True
0.001,0.01,400,10,0.1,64,go2vec,0,1,False,64,True,0.5,sum,False,3,False,2,False,True,0.945,True
0.001,0.01,400,10,0.1,64,go2vec,0,1,False,64,True,0.5,sum,False,3,True,2,False,True,0.566,False
0.001,0.01,400,10,0.1,64,go2vec,0,1,False,64,True,0.5,sum,False,3,False,1,False,True,0.936,True
0.001,0.01,400,10,0.1,64,go2vec,0,1,False,64,True,0.5,mean,False,3,False,1,False,True,0.939,True
0.001,0.01,400,10,0.1,64,go2vec,2,1,False,64,True,0.5,mean,False,3,False,1,False,True,0.884,True
0.001,0.01,400,10,0.1,64,go2vec,1,1,False,64,True,0.5,mean,False,3,False,1,False,True,0.822,True
0.001,0.01,400,10,0.1,64,go2vec,1,1,False,64,True,0.5,mean,False,4,False,1,False,True,0.793,True
0.001,0.01,400,10,0.1,64,random,1,1,False,64,True,0.5,mean,False,4,False,1,False,True,0.511,False
0.001,0.01,300,10,0.1,64,go2vec,1,1,False,64,True,0.5,mean,False,4,False,1,False,True,0.533,True
0.001,0.01,300,10,0.1,64,go2vec,1,1,False,64,True,0.0,mean,False,4,False,1,False,True,0.675,True
0.001,0.001,300,10,0.1,64,go2vec,1,1,False,64,True,0.0,mean,False,4,False,1,False,True,0.727,True
0.001,0.001,300,10,0.1,64,go2vec,1,1,False,64,True,0.3,mean,False,4,False,1,False,True,0.926,True
0.001,0.001,300,10,0.1,64,go2vec,1,1,sum,64,True,0.3,mean,False,4,False,1,False,True,0.808,True
0.001,0.001,300,10,0.1,64,random,1,1,sum,64,True,0.3,mean,False,4,False,1,False,True,0.542,False
0.001,0.01,300,10,0.1,64,go2vec,1,1,sum,64,True,0.3,mean,False,4,False,1,False,True,0.5,False
0.001,0.001,300,10,0.1,64,go2vec,1,1,sum,64,True,0.3,mean,True,4,False,1,False,True,0.912,True
0.001,0.001,300,10,0.1,64,go2vec,1,1,sum,64,True,0.3,sum,True,4,False,1,False,True,0.909,True
0.001,0.001,300,10,0.1,64,go2vec,1,1,sum,64,True,0.3,sum,True,4,False,1,False,False,0.888,True
0.001,0.001,300,10,0.1,64,go2vec,1,1,sum,64,True,0.3,sum,True,1,False,1,False,False,0.797,True
0.001,0.001,300,10,0.1,64,go2vec,1,1,sum,64,True,0.3,sum,True,1,False,2,False,False,0.779,True
0.001,0.001,300,10,0.1,64,go2vec,1,1,sum,64,True,0.3,sum,True,1,False,2,False,True,0.756,True
0.001,0.0001,300,10,0.1,64,go2vec,1,1,sum,64,True,0.3,sum,True,1,False,2,False,True,0.696,True
0.001,0.0001,300,10,0.1,64,go2vec,1,1,sum,32,True,0.3,sum,True,1,False,2,False,True,0.666,True
0.001,0.0001,300,10,0.1,64,go2vec,1,1,sum,32,False,0.3,sum,True,1,False,2,False,True,0.714,True
0.001,0.0001,500,10,0.1,64,go2vec,1,1,sum,32,False,0.3,sum,True,1,False,2,False,True,0.786,True
0.001,0.0001,500,10,0.1,32,go2vec,1,1,sum,32,False,0.3,sum,True,1,False,2,False,True,0.775,True
0.001,0.0001,500,10,0.1,32,go2vec,1,1,sum,32,False,0.3,sum,True,1,False,3,False,True,0.779,True
0.001,0.0001,500,10,0.1,32,go2vec,1,1,sum,16,False,0.3,sum,True,1,False,3,False,True,0.725,True
0.001,0.01,500,10,0.1,32,go2vec,1,1,sum,16,False,0.3,sum,True,1,False,3,False,True,0.799,True
0.001,0.01,500,10,0.1,32,go2vec,1,1,sum,16,True,0.3,sum,True,1,False,3,False,True,0.599,True
0.001,0.01,500,10,0.1,32,go2vec,1,1,sum,16,True,0.5,sum,True,1,False,3,False,True,0.703,True
0.001,0.01,500,10,0.1,32,go2vec,1,1,sum,16,False,0.5,sum,True,1,False,3,False,True,0.843,True
0.001,0.01,500,10,0.1,32,go2vec,1,1,sum,16,False,0.5,sum,True,2,False,3,False,True,0.901,True
0.001,0.01,500,10,0.1,32,go2vec,1,1,sum,16,False,0.3,sum,True,2,False,3,False,True,0.927,True
0.001,0.01,500,10,0.1,32,go2vec,1,1,sum,16,False,0.3,sum,False,2,False,3,False,True,0.936,True
0.001,0.01,500,10,0.1,32,go2vec,1,1,sum,16,False,0.3,sum,False,3,False,3,False,True,0.941,True
0.001,0.01,500,10,0.1,32,go2vec,1,1,sum,16,False,0.3,sum,False,3,True,3,False,True,0.886,True
0.001,0.01,500,10,0.1,16,go2vec,1,1,sum,16,False,0.3,sum,False,3,True,3,False,True,0.885,True
0.001,0.01,400,10,0.1,16,go2vec,1,1,sum,16,False,0.3,sum,False,3,True,3,False,True,0.896,True
0.001,0.01,300,10,0.1,16,go2vec,1,1,sum,16,False,0.3,sum,False,3,True,3,False,True,0.891,True
0.001,0.01,300,10,0.1,16,go2vec,2,1,sum,16,False,0.3,sum,False,3,True,3,False,True,0.883,True
0.001,0.01,400,10,0.1,16,go2vec,2,1,sum,16,False,0.3,sum,False,3,True,3,False,True,0.882,True
0.001,0.01,400,10,0.1,16,go2vec,2,1,sum,16,False,0.3,sum,True,3,True,3,False,True,0.895,True
0.001,0.0001,400,10,0.1,16,go2vec,2,1,sum,16,False,0.3,sum,True,3,True,3,False,True,0.799,False
0.001,0.01,400,10,0.1,16,go2vec,2,1,sum,16,True,0.3,sum,True,3,True,3,False,True,0.896,True
0.001,0.01,400,10,0.1,16,go2vec,2,1,sum,16,True,0.3,sum,True,3,True,3,False,False,0.868,True
0.001,0.01,400,10,0.1,16,go2vec,2,1,sum,32,True,0.3,sum,True,3,True,3,False,False,0.623,True
0.001,0.01,400,10,0.1,16,go2vec,2,2,sum,32,True,0.3,sum,True,3,True,3,False,False,0.665,True
0.001,0.01,500,10,0.1,16,go2vec,2,2,sum,32,True,0.3,sum,True,3,True,3,False,False,0.554,True
0.001,0.01,500,10,0.1,16,go2vec,2,2,sum,32,False,0.3,sum,True,3,True,3,False,False,0.856,True
0.001,0.01,500,10,0.1,16,go2vec,2,0,sum,32,False,0.3,sum,True,3,True,3,False,False,0.888,True
0.001,0.01,400,10,0.1,16,go2vec,2,0,sum,32,False,0.3,sum,True,3,True,3,False,False,0.898,True
0.001,0.01,400,10,0.1,16,go2vec,2,0,sum,32,False,0.5,sum,True,3,True,3,False,False,0.875,True
0.001,0.01,400,10,0.1,16,go2vec,2,0,sum,32,False,0.5,mean,True,3,True,3,False,False,0.873,True
0.001,0.01,400,10,0.1,16,go2vec,2,0,sum,32,False,0.5,mean,True,3,False,3,False,False,0.847,True
0.001,0.01,400,10,0.1,16,go2vec,2,0,sum,32,False,0.5,mean,False,3,False,3,False,False,0.891,True
0.001,0.01,400,10,0.1,16,go2vec,2,0,sum,32,False,0.5,mean,False,3,False,3,False,True,0.883,True
0.001,0.01,400,10,0.1,16,random,2,0,sum,32,False,0.5,mean,False,3,False,3,False,True,0.791,True
0.001,0.01,400,10,0.1,16,random,1,0,sum,32,False,0.5,mean,False,3,False,3,False,True,0.83,True
0.001,0.01,400,10,0.1,16,random,1,0,False,32,False,0.5,mean,False,3,False,3,False,True,0.822,True
0.001,0.01,400,10,0.1,16,random,1,0,False,32,False,0.5,mean,False,4,False,3,False,True,0.663,True
0.001,0.001,400,10,0.1,16,random,1,0,False,32,False,0.5,mean,False,4,False,3,False,True,0.843,True
0.001,0.001,400,10,0.1,16,random,1,0,False,32,False,0.5,mean,False,1,False,3,False,True,0.622,True
0.001,0.001,400,10,0.1,16,go2vec,1,0,False,32,False,0.5,mean,False,1,False,3,False,True,0.828,True
0.001,0.001,400,10,0.1,32,go2vec,1,0,False,32,False,0.5,mean,False,1,False,3,False,True,0.825,True
0.001,0.001,400,10,0.1,32,go2vec,1,0,False,32,True,0.5,mean,False,1,False,3,False,True,0.76,True
0.001,0.001,400,10,0.1,32,go2vec,1,0,False,32,True,0.5,mean,False,4,False,3,False,True,0.801,True
0.001,0.001,400,10,0.1,32,go2vec,1,0,False,32,True,0.5,mean,False,4,False,3,False,False,0.683,True
0.001,0.001,400,10,0.1,32,go2vec,2,0,False,32,True,0.5,mean,False,4,False,3,False,False,0.504,False
0.001,0.001,400,10,0.1,32,go2vec,1,0,cat,32,True,0.5,mean,False,4,False,3,False,False,0.869,True
0.001,0.001,400,10,0.1,32,go2vec,2,0,cat,32,True,0.5,mean,False,4,False,3,False,False,0.679,False
0.001,0.01,400,10,0.1,32,go2vec,1,0,cat,32,True,0.5,mean,False,4,False,3,False,False,0.766,True
0.001,0.01,400,10,0.1,32,go2vec,1,1,cat,32,True,0.5,mean,False,4,False,3,False,False,0.855,True
0.001,0.01,400,10,0.1,32,go2vec,1,1,cat,32,False,0.5,mean,False,4,False,3,False,False,0.893,True
0.001,0.01,400,10,0.1,32,go2vec,1,1,cat,32,False,0.5,mean,False,4,True,3,False,False,0.873,True
0.001,0.001,400,10,0.1,32,go2vec,1,1,cat,32,False,0.5,mean,False,4,True,3,False,False,0.873,True
0.001,0.001,400,10,0.1,32,go2vec,1,0,cat,32,False,0.5,mean,False,4,True,3,False,False,0.898,True
0.001,0.001,400,10,0.1,32,go2vec,1,0,cat,32,False,0.5,mean,False,4,True,1,False,False,0.902,True
0.001,0.001,500,10,0.1,32,go2vec,1,0,cat,32,False,0.5,mean,False,4,True,1,False,False,0.901,True
0.001,0.001,500,10,0.1,32,go2vec,1,0,cat,32,False,0.0,mean,False,4,True,1,False,False,0.905,True
0.001,0.001,500,10,0.1,32,go2vec,1,0,cat,32,False,0.0,mean,False,1,True,1,False,False,0.85,True
0.001,0.001,500,10,0.1,32,go2vec,2,0,cat,32,False,0.0,mean,False,1,True,1,False,False,0.733,True
0.001,0.001,500,10,0.1,32,go2vec,2,0,cat,32,False,0.0,mean,False,1,True,3,False,False,0.752,True
0.001,0.001,500,10,0.1,32,go2vec,2,0,cat,32,True,0.0,mean,False,1,True,3,False,False,0.501,True
0.001,0.001,500,10,0.1,32,go2vec,2,0,cat,32,True,0.0,mean,True,1,True,3,False,False,0.481,True
0.001,0.001,500,10,0.1,32,go2vec,2,0,sum,32,True,0.0,mean,True,1,True,3,False,False,0.513,True
0.001,0.001,500,10,0.1,32,go2vec,2,0,False,32,True,0.0,mean,True,1,True,3,False,False,0.499,True
0.001,0.001,500,10,0.1,32,go2vec,2,0,False,32,True,0.0,mean,True,1,False,3,False,False,0.551,True
0.001,0.001,500,10,0.1,32,go2vec,2,2,False,32,True,0.0,mean,True,1,False,3,False,False,0.495,True
0.001,0.001,500,10,0.1,32,go2vec,2,2,False,32,True,0.0,mean,False,1,False,3,False,False,0.559,True
0.001,0.001,500,10,0.1,32,go2vec,2,0,False,32,True,0.0,mean,False,1,False,3,False,False,0.628,True
0.001,0.001,500,10,0.1,32,go2vec,2,0,False,32,True,0.0,mean,False,1,False,2,False,False,0.57,False
0.001,0.001,500,10,0.1,32,go2vec,2,0,False,32,True,0.0,mean,False,1,False,3,False,True,0.554,True
0.001,0.001,500,10,0.1,32,go2vec,2,0,False,32,True,0.0,sum,False,1,False,3,False,True,0.554,True
0.001,0.001,500,10,0.1,32,go2vec,2,0,False,32,True,0.0,sum,False,2,False,3,False,True,0.694,True
0.001,0.001,500,10,0.1,32,go2vec,2,0,False,32,True,0.0,mean,False,2,False,3,False,True,0.608,True
0.001,0.001,500,10,0.1,32,go2vec,2,0,False,32,True,0.0,mean,True,2,False,3,False,True,0.764,True
0.001,0.001,300,10,0.1,32,go2vec,2,0,False,32,True,0.0,mean,True,2,False,3,False,True,0.749,True
0.001,0.001,300,10,0.1,32,go2vec,2,0,False,32,False,0.0,mean,True,2,False,3,False,True,0.887,True
0.001,0.01,300,10,0.1,32,go2vec,2,0,False,32,False,0.0,mean,True,2,False,3,False,True,0.869,True
0.001,0.01,300,10,0.1,32,go2vec,2,0,False,32,False,0.0,mean,True,2,True,3,False,True,0.876,True
0.001,0.01,300,10,0.1,32,go2vec,2,0,False,32,False,0.0,mean,True,2,True,2,False,True,0.867,True
0.001,0.01,300,10,0.1,32,go2vec,2,0,False,32,False,0.0,sum,True,2,True,2,False,True,0.86,True
0.001,0.01,300,10,0.1,32,go2vec,1,0,False,32,False,0.0,sum,True,2,True,2,False,True,0.887,True
0.001,0.01,300,10,0.1,32,go2vec,0,0,False,32,False,0.0,sum,True,2,True,2,False,True,0.879,True
0.001,0.01,300,10,0.1,32,go2vec,0,0,False,32,False,0.0,sum,True,3,True,2,False,True,0.893,True
0.001,0.01,300,10,0.1,32,random,0,0,False,32,False,0.0,sum,True,3,True,2,False,True,0.773,False
0.001,0.01,500,10,0.1,32,go2vec,0,0,False,32,False,0.0,sum,True,3,True,2,False,True,0.905,True
0.001,0.01,500,10,0.1,32,go2vec,0,0,False,32,False,0.3,sum,True,3,True,2,False,True,0.903,True
0.001,0.001,500,10,0.1,32,go2vec,0,0,False,32,False,0.3,sum,True,3,True,2,False,True,0.869,True
0.001,0.0001,500,10,0.1,32,go2vec,0,0,False,32,False,0.3,sum,True,3,True,2,False,True,0.839,True
0.001,0.0001,500,10,0.1,32,go2vec,0,0,False,32,False,0.5,sum,True,3,True,2,False,True,0.835,True
0.001,0.0001,500,10,0.1,32,go2vec,0,0,sum,32,False,0.5,sum,True,3,True,2,False,True,0.865,True
0.001,0.0001,500,10,0.1,32,random,0,0,sum,32,False,0.5,sum,True,3,True,2,False,True,0.768,False
0.001,0.001,500,10,0.1,32,go2vec,0,0,sum,32,False,0.5,sum,True,3,True,2,False,True,0.892,True
0.001,0.001,500,10,0.1,32,go2vec,0,0,sum,32,False,0.5,sum,False,3,True,2,False,True,0.906,True
0.001,0.001,500,10,0.1,32,go2vec,0,0,sum,32,False,0.5,mean,False,3,True,2,False,True,0.899,True
0.001,0.001,500,10,0.1,32,go2vec,0,0,sum,32,False,0.5,mean,False,3,True,2,False,False,0.902,True
0.001,0.001,500,10,0.1,32,go2vec,0,0,sum,32,False,0.5,mean,False,4,True,2,False,False,0.904,True
0.001,0.001,500,10,0.1,32,go2vec,0,0,sum,32,False,0.5,mean,False,4,True,3,False,False,0.904,True
0.001,0.001,500,10,0.1,32,go2vec,0,0,sum,32,False,0.5,mean,False,4,True,3,False,True,0.903,True
0.001,0.0001,500,10,0.1,32,go2vec,0,0,sum,32,False,0.5,mean,False,4,True,3,False,True,0.869,True
0.001,0.0001,500,10,0.1,32,go2vec,0,0,sum,16,False,0.5,mean,False,4,True,3,False,True,0.854,True
0.001,0.0001,500,10,0.1,32,go2vec,0,0,sum,16,True,0.5,mean,False,4,True,3,False,True,0.834,True
0.001,0.0001,400,10,0.1,32,go2vec,0,0,sum,16,True,0.5,mean,False,4,True,3,False,True,0.825,True
0.001,0.0001,400,10,0.1,16,go2vec,0,0,sum,16,True,0.5,mean,False,4,True,3,False,True,0.812,True
0.001,0.0001,400,10,0.1,16,go2vec,0,0,sum,16,True,0.5,mean,False,4,True,1,False,True,0.694,False
0.001,0.0001,400,10,0.1,16,go2vec,0,0,sum,128,True,0.5,mean,False,4,True,3,False,True,0.894,True
0.001,0.01,400,10,0.1,16,go2vec,0,0,sum,128,True,0.5,mean,False,4,True,3,False,True,0.87,True
0.001,0.01,400,10,0.1,16,go2vec,0,0,sum,128,False,0.5,mean,False,4,True,3,False,True,0.886,True
0.001,0.01,400,10,0.1,16,go2vec,0,0,sum,128,False,0.0,mean,False,4,True,3,False,True,0.897,True
0.001,0.01,400,10,0.1,16,go2vec,0,0,sum,128,True,0.0,mean,False,4,True,3,False,True,0.896,True
0.001,0.01,400,10,0.1,16,go2vec,0,0,sum,128,True,0.0,mean,False,1,True,3,False,True,0.796,True
0.001,0.01,400,10,0.1,16,go2vec,0,0,sum,128,True,0.5,mean,False,1,True,3,False,True,0.796,True
0.001,0.01,400,10,0.1,16,go2vec,0,0,sum,128,True,0.5,mean,True,1,True,3,False,True,0.795,True
0.001,0.01,400,10,0.1,16,go2vec,0,0,sum,128,True,0.5,mean,True,2,True,3,False,True,0.826,True
0.001,0.01,400,10,0.1,16,go2vec,0,0,sum,128,True,0.5,mean,True,2,False,3,False,True,0.793,True
0.001,0.01,400,10,0.1,128,go2vec,0,0,sum,128,True,0.5,mean,True,2,False,3,False,True,0.727,True
0.001,0.01,300,10,0.1,128,go2vec,0,0,sum,128,True,0.5,mean,True,2,False,3,False,True,0.772,True
0.001,0.01,500,10,0.1,128,go2vec,0,0,sum,128,True,0.5,mean,True,2,False,3,False,True,0.735,False
0.001,0.01,300,10,0.1,128,go2vec,1,0,sum,128,True,0.5,mean,True,2,False,3,False,True,0.465,False
0.001,0.01,500,10,0.1,128,go2vec,0,0,sum,128,True,0.5,mean,True,2,False,3,False,True,0.742,True
0.001,0.01,500,10,0.1,128,go2vec,0,0,sum,128,True,0.5,mean,False,2,False,3,False,True,0.499,False
0.001,0.01,500,10,0.1,128,go2vec,0,0,sum,128,True,0.5,mean,False,2,False,3,False,True,0.591,False
0.001,0.01,500,10,0.1,128,go2vec,0,0,sum,128,False,0.5,mean,True,2,False,3,False,True,0.745,True
0.001,0.01,500,10,0.1,128,go2vec,0,0,sum,128,False,0.5,mean,True,2,False,3,False,False,0.739,True
0.001,0.01,500,10,0.1,128,go2vec,0,0,sum,16,False,0.5,mean,True,2,False,3,False,False,0.84,True
0.001,0.01,500,10,0.1,128,go2vec,0,1,sum,16,False,0.5,mean,True,2,False,3,False,False,0.863,True
0.001,0.01,300,10,0.1,128,go2vec,0,1,sum,16,False,0.5,mean,True,2,False,3,False,False,0.857,True
0.001,0.01,300,10,0.1,128,go2vec,0,1,sum,16,True,0.5,mean,True,2,False,3,False,False,0.902,True
0.001,0.01,300,10,0.1,128,go2vec,0,2,sum,16,True,0.5,mean,True,2,False,3,False,False,0.883,True
0.001,0.01,500,10,0.1,128,go2vec,0,2,sum,16,True,0.5,mean,True,2,False,3,False,False,0.893,True
0.001,0.01,500,10,0.1,128,go2vec,0,2,sum,16,True,0.0,mean,True,2,False,3,False,False,0.915,True
0.001,0.01,500,10,0.1,128,go2vec,0,2,sum,16,True,0.0,sum,True,2,False,3,False,False,0.91,True
0.001,0.01,500,10,0.1,128,go2vec,0,2,sum,16,True,0.0,sum,True,2,True,3,False,False,0.872,True
0.001,0.01,500,10,0.1,128,go2vec,0,2,sum,16,True,0.0,sum,False,2,True,3,False,False,0.881,True
0.001,0.01,500,10,0.1,128,go2vec,0,2,sum,16,True,0.0,sum,False,2,True,3,False,True,0.865,True
0.001,0.01,500,10,0.1,128,random,0,2,sum,16,True,0.0,sum,False,2,True,3,False,True,0.668,False
0.001,0.01,500,10,0.1,128,go2vec,2,2,sum,16,True,0.0,sum,False,2,True,3,False,True,0.712,True
0.001,0.01,500,10,0.1,128,go2vec,2,2,False,16,True,0.0,sum,False,2,True,3,False,True,0.737,True
0.001,0.01,500,10,0.1,128,go2vec,2,2,False,16,True,0.0,sum,False,3,True,3,False,True,0.485,True
0.001,0.001,500,10,0.1,128,go2vec,2,2,False,16,True,0.0,sum,False,3,True,3,False,True,0.821,True
0.001,0.001,500,10,0.1,128,go2vec,2,2,False,16,True,0.0,sum,False,4,True,3,False,True,0.761,True
0.001,0.001,500,10,0.1,128,random,2,2,False,16,True,0.0,sum,False,4,True,3,False,True,0.667,False
0.001,0.001,500,10,0.1,16,go2vec,2,2,False,16,True,0.0,sum,False,4,True,3,False,True,0.812,True
0.001,0.001,500,10,0.1,16,go2vec,2,2,False,16,False,0.0,sum,False,4,True,3,False,True,0.892,True
0.001,0.001,500,10,0.1,16,go2vec,2,2,False,16,False,0.0,sum,False,3,True,3,False,True,0.904,True
0.001,0.001,500,10,0.1,16,go2vec,2,2,False,16,False,0.0,sum,False,3,True,3,False,False,0.877,True
0.001,0.001,500,10,0.1,16,go2vec,0,2,False,16,False,0.0,sum,False,3,True,3,False,False,0.811,False
0.001,0.001,500,10,0.1,16,go2vec,2,2,cat,16,False,0.0,sum,False,3,True,3,False,False,0.896,True
0.001,0.001,500,10,0.1,16,go2vec,0,2,cat,16,False,0.0,sum,False,3,True,3,False,False,0.9,True
0.001,0.01,500,10,0.1,16,go2vec,0,2,cat,16,False,0.0,sum,False,3,True,3,False,False,0.88,True
0.001,0.01,500,10,0.1,16,go2vec,0,0,cat,16,False,0.0,sum,False,3,True,3,False,False,0.895,True
0.001,0.01,500,10,0.1,16,go2vec,0,0,cat,16,True,0.0,sum,False,3,True,3,False,False,0.893,True
0.001,0.01,500,10,0.1,16,go2vec,0,0,cat,16,True,0.0,sum,False,3,False,3,False,False,0.936,True
0.001,0.001,500,10,0.1,16,go2vec,0,0,cat,16,True,0.0,sum,False,3,False,3,False,False,0.946,True
0.001,0.001,500,10,0.1,16,go2vec,0,2,cat,16,True,0.0,sum,False,3,False,3,False,False,0.931,True
0.001,0.001,500,10,0.1,16,go2vec,0,2,cat,16,True,0.0,sum,False,3,False,1,False,False,0.933,True
0.001,0.001,300,10,0.1,16,go2vec,0,2,cat,16,True,0.0,sum,False,3,False,1,False,False,0.937,True
0.001,0.001,300,10,0.1,16,go2vec,0,2,cat,16,True,0.3,sum,False,3,False,1,False,False,0.917,True
0.001,0.001,300,10,0.1,16,go2vec,0,2,cat,16,True,0.3,sum,False,4,False,1,False,False,0.918,True
0.001,0.001,300,10,0.1,16,go2vec,1,2,cat,16,True,0.3,sum,False,4,False,1,False,False,0.911,True
0.001,0.001,300,10,0.1,16,go2vec,1,2,cat,16,True,0.3,sum,False,4,False,3,False,False,0.919,True
0.001,0.001,300,10,0.1,16,go2vec,1,2,cat,16,False,0.3,sum,False,4,False,3,False,False,0.887,True
0.001,0.001,300,10,0.1,16,go2vec,1,2,cat,16,False,0.3,sum,True,4,False,3,False,False,0.874,True
0.001,0.001,300,10,0.1,16,go2vec,1,2,sum,16,False,0.3,sum,True,4,False,3,False,False,0.858,True
0.001,0.001,300,10,0.1,16,go2vec,1,2,False,16,False,0.3,sum,True,4,False,3,False,False,0.857,True
0.001,0.001,300,10,0.1,16,go2vec,1,2,False,16,False,0.3,sum,True,4,True,3,False,False,0.815,True
0.001,0.001,300,10,0.1,16,go2vec,1,1,False,16,False,0.3,sum,True,4,True,3,False,False,0.843,True
0.001,0.001,300,10,0.1,16,go2vec,1,1,False,16,False,0.3,sum,False,4,True,3,False,False,0.803,True
0.001,0.001,300,10,0.1,16,go2vec,1,2,False,16,False,0.3,sum,False,4,True,3,False,False,0.709,True
0.001,0.001,300,10,0.1,16,go2vec,1,2,False,16,False,0.3,sum,False,4,True,2,False,False,0.739,True
0.001,0.001,300,10,0.1,16,go2vec,1,2,False,16,False,0.3,sum,True,4,True,2,False,False,0.819,True
0.001,0.001,300,10,0.1,16,go2vec,1,2,False,16,False,0.3,sum,True,4,True,2,False,True,0.831,True
0.001,0.001,300,10,0.1,16,go2vec,1,2,False,16,False,0.3,mean,True,4,True,2,False,True,0.838,True
0.001,0.001,300,10,0.1,16,go2vec,1,2,False,16,False,0.3,mean,True,1,True,2,False,True,0.773,True
0.001,0.001,300,10,0.1,16,go2vec,1,2,False,16,False,0.3,sum,True,1,True,2,False,True,0.77,True
0.001,0.001,300,10,0.1,16,go2vec,1,2,False,16,False,0.3,sum,False,1,True,2,False,True,0.787,True
0.001,0.001,400,10,0.1,16,go2vec,1,2,False,16,False,0.3,sum,False,1,True,2,False,True,0.766,True
0.001,0.001,400,10,0.1,16,go2vec,1,2,False,16,True,0.3,sum,False,1,True,2,False,True,0.835,True
0.001,0.01,400,10,0.1,16,go2vec,1,2,False,16,True,0.3,sum,False,1,True,2,False,True,0.59,True
0.001,0.01,400,10,0.1,16,go2vec,1,2,False,16,True,0.3,sum,False,1,False,2,False,True,0.5,True
0.001,0.01,400,10,0.1,16,go2vec,1,2,False,16,True,0.3,sum,False,1,False,1,False,True,0.514,True
0.001,0.01,400,10,0.1,16,go2vec,1,2,False,16,True,0.3,mean,False,1,False,1,False,True,0.491,True
0.001,0.01,400,10,0.1,16,go2vec,0,2,False,16,True,0.3,mean,False,1,False,1,False,True,0.818,True
0.001,0.01,400,10,0.1,16,go2vec,2,2,False,16,True,0.3,mean,False,1,False,1,False,True,0.486,False
0.001,0.01,400,10,0.1,16,go2vec,0,2,False,16,True,0.3,mean,False,2,False,1,False,True,0.851,True
0.001,0.01,400,10,0.1,16,random,0,2,False,16,True,0.3,mean,False,2,False,1,False,True,0.737,False
0.001,0.01,300,10,0.1,16,go2vec,0,2,False,16,True,0.3,mean,False,2,False,1,False,True,0.892,True
0.001,0.01,300,10,0.1,16,go2vec,0,2,False,16,True,0.5,mean,False,2,False,1,False,True,0.853,True
0.001,0.001,300,10,0.1,16,go2vec,0,2,False,16,True,0.5,mean,False,2,False,1,False,True,0.815,True
0.001,0.001,300,10,0.1,16,go2vec,0,2,False,16,True,0.0,mean,False,2,False,1,False,True,0.885,True
0.001,0.001,300,10,0.1,16,go2vec,0,2,sum,16,True,0.0,mean,False,2,False,1,False,True,0.922,True
0.001,0.001,300,10,0.1,16,random,0,2,sum,16,True,0.0,mean,False,2,False,1,False,True,0.709,False
0.001,0.01,300,10,0.1,16,go2vec,0,2,sum,16,True,0.0,mean,False,2,False,1,False,True,0.93,True
0.001,0.01,300,10,0.1,16,go2vec,0,2,sum,16,True,0.0,mean,True,2,False,1,False,True,0.923,True
0.001,0.01,300,10,0.1,16,go2vec,0,2,sum,16,True,0.0,sum,True,2,False,1,False,True,0.932,True
0.001,0.01,300,10,0.1,16,go2vec,0,2,sum,16,True,0.0,sum,True,2,False,1,False,False,0.927,True
0.001,0.01,300,10,0.1,16,go2vec,0,2,sum,16,True,0.0,sum,True,3,False,1,False,False,0.925,True
0.001,0.01,300,10,0.1,16,go2vec,0,2,sum,16,True,0.0,sum,True,3,False,2,False,False,0.923,True
0.001,0.01,300,10,0.1,16,go2vec,0,2,sum,16,True,0.0,sum,True,3,False,2,False,True,0.922,True
0.001,0.001,300,10,0.1,16,go2vec,0,2,sum,16,True,0.0,sum,True,3,False,2,False,True,0.926,True
0.001,0.001,300,10,0.1,16,go2vec,0,2,sum,128,True,0.0,sum,True,3,False,2,False,True,0.934,True
0.001,0.001,300,10,0.1,16,go2vec,0,2,sum,128,False,0.0,sum,True,3,False,2,False,True,0.901,True
0.001,0.001,500,10,0.1,16,go2vec,0,2,sum,128,False,0.0,sum,True,3,False,2,False,True,0.858,True
0.001,0.001,500,10,0.1,128,go2vec,0,2,sum,128,False,0.0,sum,True,3,False,2,False,True,0.75,True
0.001,0.001,500,10,0.1,128,go2vec,0,2,sum,128,False,0.0,sum,True,3,False,3,False,True,0.68,False
0.001,0.001,500,10,0.1,128,go2vec,0,2,sum,64,False,0.0,sum,True,3,False,2,False,True,0.713,True
0.001,0.0001,500,10,0.1,128,go2vec,0,2,sum,64,False,0.0,sum,True,3,False,2,False,True,0.838,True
0.001,0.0001,500,10,0.1,128,go2vec,0,2,sum,64,True,0.0,sum,True,3,False,2,False,True,0.932,True
0.001,0.0001,500,10,0.1,128,go2vec,0,2,sum,64,True,0.3,sum,True,3,False,2,False,True,0.924,True
0.001,0.0001,500,10,0.1,128,go2vec,0,2,sum,64,False,0.3,sum,True,3,False,2,False,True,0.837,False
0.001,0.0001,500,10,0.1,128,go2vec,0,2,sum,64,True,0.3,sum,True,4,False,2,False,True,0.922,True
0.001,0.0001,500,10,0.1,128,go2vec,0,2,sum,64,True,0.0,sum,True,4,False,2,False,True,0.932,True
0.001,0.0001,500,10,0.1,128,go2vec,0,2,sum,64,True,0.0,sum,False,4,False,2,False,True,0.933,True
0.001,0.0001,500,10,0.1,128,go2vec,0,2,sum,64,True,0.0,sum,False,1,False,2,False,True,0.762,True
0.001,0.0001,500,10,0.1,128,go2vec,0,2,sum,64,True,0.0,sum,False,1,True,2,False,True,0.548,False
0.001,0.0001,500,10,0.1,64,go2vec,0,2,sum,64,True,0.0,sum,False,1,False,2,False,True,0.772,True
0.001,0.0001,400,10,0.1,64,go2vec,0,2,sum,64,True,0.0,sum,False,1,False,2,False,True,0.817,True
0.001,0.0001,300,10,0.1,64,go2vec,0,2,sum,64,True,0.0,sum,False,1,False,2,False,True,0.858,True
0.001,0.0001,300,10,0.1,64,go2vec,1,2,sum,64,True,0.0,sum,False,1,False,2,False,True,0.782,True
0.001,0.0001,400,10,0.1,64,go2vec,1,2,sum,64,True,0.0,sum,False,1,False,2,False,True,0.811,True
0.001,0.0001,400,10,0.1,64,go2vec,1,2,sum,64,True,0.0,sum,True,1,False,2,False,True,0.809,True
0.001,0.001,400,10,0.1,64,go2vec,1,2,sum,64,True,0.0,sum,True,1,False,2,False,True,0.662,False
0.001,0.0001,400,10,0.1,64,go2vec,1,2,sum,64,False,0.0,sum,True,1,False,2,False,True,0.835,True
0.001,0.0001,400,10,0.1,64,go2vec,1,2,sum,64,False,0.0,sum,True,1,False,2,False,False,0.8,True
0.001,0.0001,400,10,0.1,64,go2vec,1,2,sum,128,False,0.0,sum,True,1,False,2,False,False,0.855,True
0.001,0.0001,400,10,0.1,64,go2vec,1,0,sum,128,False,0.0,sum,True,1,False,2,False,False,0.792,True
0.001,0.0001,500,10,0.1,64,go2vec,1,0,sum,128,False,0.0,sum,True,1,False,2,False,False,0.805,True
0.001,0.0001,500,10,0.1,64,go2vec,1,0,sum,128,True,0.0,sum,True,1,False,2,False,False,0.604,True
0.001,0.0001,500,10,0.1,64,go2vec,1,1,sum,128,True,0.0,sum,True,1,False,2,False,False,0.708,True
0.001,0.0001,400,10,0.1,64,go2vec,1,1,sum,128,True,0.0,sum,True,1,False,2,False,False,0.816,True
0.001,0.0001,400,10,0.1,64,go2vec,1,1,sum,128,True,0.3,sum,True,1,False,2,False,False,0.825,True
0.001,0.0001,400,10,0.1,64,go2vec,1,1,sum,128,True,0.3,mean,True,1,False,2,False,False,0.786,True
0.001,0.0001,400,10,0.1,64,go2vec,1,1,sum,128,True,0.3,mean,True,1,True,2,False,False,0.789,True
0.001,0.0001,400,10,0.1,64,go2vec,1,1,sum,128,True,0.3,mean,False,1,True,2,False,False,0.773,True
0.001,0.0001,400,10,0.1,64,go2vec,1,1,sum,128,True,0.3,mean,False,1,True,2,False,True,0.835,True
0.001,0.0001,400,10,0.1,64,random,1,1,sum,128,True,0.3,mean,False,1,True,2,False,True,0.572,False
0.001,0.0001,400,10,0.1,64,go2vec,0,1,sum,128,True,0.3,mean,False,1,True,2,False,True,0.638,True
0.001,0.0001,400,10,0.1,64,go2vec,0,1,False,128,True,0.3,mean,False,1,True,2,False,True,0.833,True
0.001,0.0001,400,10,0.1,64,go2vec,0,1,False,128,True,0.3,mean,False,2,True,2,False,True,0.881,True
0.001,0.01,400,10,0.1,64,go2vec,0,1,False,128,True,0.3,mean,False,2,True,2,False,True,0.861,True
0.001,0.01,400,10,0.1,64,go2vec,0,1,False,128,True,0.3,mean,False,3,True,2,False,True,0.886,True
0.001,0.01,400,10,0.1,64,random,0,1,False,128,True,0.3,mean,False,3,True,2,False,True,0.456,False
0.001,0.01,400,10,0.1,128,go2vec,0,1,False,128,True,0.3,mean,False,3,True,2,False,True,0.584,True
0.001,0.01,400,10,0.1,128,go2vec,0,1,False,128,False,0.3,mean,False,3,True,2,False,True,0.887,True
0.001,0.01,400,10,0.1,128,go2vec,0,1,False,128,False,0.3,mean,False,2,True,2,False,True,0.86,True
0.001,0.01,400,10,0.1,128,go2vec,0,1,False,128,False,0.3,mean,False,2,True,2,False,False,0.856,True
0.001,0.01,400,10,0.1,128,go2vec,1,1,False,128,False,0.3,mean,False,2,True,2,False,False,0.861,True
0.001,0.01,400,10,0.1,128,go2vec,1,1,cat,128,False,0.3,mean,False,2,True,2,False,False,0.814,True
0.001,0.01,400,10,0.1,128,go2vec,2,1,cat,128,False,0.3,mean,False,2,True,2,False,False,0.837,True
0.001,0.0001,400,10,0.1,128,go2vec,2,1,cat,128,False,0.3,mean,False,2,True,2,False,False,0.833,True
0.001,0.0001,400,10,0.1,128,go2vec,2,2,cat,128,False,0.3,mean,False,2,True,2,False,False,0.809,True
0.001,0.0001,400,10,0.1,128,go2vec,2,2,cat,128,True,0.3,mean,False,2,True,2,False,False,0.864,True
0.001,0.0001,400,10,0.1,128,go2vec,2,2,cat,128,True,0.3,mean,False,2,False,2,False,False,0.902,True
0.001,0.01,400,10,0.1,128,go2vec,2,2,cat,128,True,0.3,mean,False,2,False,2,False,False,0.742,True
0.001,0.01,400,10,0.1,128,go2vec,2,1,cat,128,True,0.3,mean,False,2,False,2,False,False,0.5,True
0.001,0.01,400,10,0.1,128,go2vec,2,1,cat,128,True,0.3,mean,False,2,False,3,False,False,0.501,True
0.001,0.01,500,10,0.1,128,go2vec,2,1,cat,128,True,0.3,mean,False,2,False,3,False,False,0.453,True
0.001,0.01,500,10,0.1,128,go2vec,2,1,cat,128,True,0.5,mean,False,2,False,3,False,False,0.484,True
0.001,0.01,500,10,0.1,128,go2vec,2,1,cat,128,True,0.5,mean,False,3,False,3,False,False,0.5,True
0.001,0.01,500,10,0.1,128,go2vec,0,1,cat,128,True,0.5,mean,False,3,False,3,False,False,0.595,True
0.001,0.01,500,10,0.1,128,go2vec,0,1,cat,128,True,0.5,mean,False,3,False,2,False,False,0.54,False
0.001,0.01,500,10,0.1,128,go2vec,0,1,cat,128,False,0.5,mean,False,3,False,3,False,False,0.921,True
0.001,0.01,500,10,0.1,128,go2vec,0,1,cat,128,False,0.5,mean,True,3,False,3,False,False,0.57,False
0.001,0.01,500,10,0.1,128,go2vec,0,1,sum,128,False,0.5,mean,False,3,False,3,False,False,0.925,True
0.001,0.01,500,10,0.1,128,go2vec,0,1,False,128,False,0.5,mean,False,3,False,3,False,False,0.5,True
0.001,0.01,500,10,0.1,128,go2vec,0,1,False,128,False,0.5,mean,False,3,True,3,False,False,0.634,True
0.001,0.01,500,10,0.1,128,go2vec,0,0,False,128,False,0.5,mean,False,3,True,3,False,False,0.652,True
0.001,0.01,500,10,0.1,128,go2vec,0,0,False,128,False,0.5,mean,True,3,True,3,False,False,0.87,True
0.001,0.01,500,10,0.1,128,go2vec,0,1,False,128,False,0.5,mean,True,3,True,3,False,False,0.561,True
0.001,0.01,500,10,0.1,128,go2vec,0,1,False,128,False,0.5,mean,True,3,True,2,False,False,0.833,True
0.001,0.01,500,10,0.1,128,go2vec,0,1,False,128,False,0.5,mean,False,3,True,2,False,False,0.818,True
0.001,0.01,500,10,0.1,128,go2vec,0,1,False,128,False,0.5,mean,False,3,True,2,False,True,0.881,True
0.001,0.01,500,10,0.1,128,go2vec,0,1,False,128,False,0.5,sum,False,3,True,2,False,True,0.888,True
0.001,0.01,500,10,0.1,128,go2vec,0,1,False,128,False,0.5,sum,False,4,True,2,False,True,0.889,True
0.001,0.01,500,10,0.1,128,go2vec,0,1,False,128,False,0.5,mean,False,4,True,2,False,True,0.821,True
0.001,0.01,500,10,0.1,128,go2vec,0,1,False,128,False,0.5,mean,True,4,True,2,False,True,0.51,False
0.001,0.01,300,10,0.1,128,go2vec,0,1,False,128,False,0.5,mean,False,4,True,2,False,True,0.816,True
0.001,0.01,300,10,0.1,128,go2vec,0,1,False,128,True,0.5,mean,False,4,True,2,False,True,0.624,False
0.001,0.0001,300,10,0.1,128,go2vec,0,1,False,128,False,0.5,mean,False,4,True,2,False,True,0.804,True
0.001,0.0001,300,10,0.1,128,go2vec,0,1,False,128,False,0.5,mean,False,4,False,2,False,True,0.624,False
0.001,0.0001,300,10,0.1,128,go2vec,0,1,False,128,False,0.5,mean,False,4,True,1,False,True,0.732,True
0.001,0.0001,300,10,0.1,128,go2vec,0,1,False,128,False,0.5,sum,False,4,True,1,False,True,0.8,True
0.001,0.0001,300,10,0.1,128,go2vec,2,1,False,128,False,0.5,sum,False,4,True,1,False,True,0.779,True
0.001,0.0001,300,10,0.1,128,go2vec,1,1,False,128,False,0.5,sum,False,4,True,1,False,True,0.789,True
0.001,0.0001,300,10,0.1,128,go2vec,1,1,False,128,False,0.5,sum,False,1,True,1,False,True,0.774,True
0.001,0.0001,300,10,0.1,128,random,1,1,False,128,False,0.5,sum,False,1,True,1,False,True,0.611,False
0.001,0.0001,500,10,0.1,128,go2vec,1,1,False,128,False,0.5,sum,False,1,True,1,False,True,0.799,True
0.001,0.0001,500,10,0.1,128,go2vec,1,1,False,128,False,0.0,sum,False,1,True,1,False,True,0.72,True
0.001,0.01,500,10,0.1,128,go2vec,1,1,False,128,False,0.0,sum,False,1,True,1,False,True,0.577,True
0.001,0.01,500,10,0.1,128,go2vec,1,1,False,128,False,0.3,sum,False,1,True,1,False,True,0.621,True
0.001,0.01,500,10,0.1,128,go2vec,1,1,sum,128,False,0.3,sum,False,1,True,1,False,True,0.809,True
0.001,0.01,500,10,0.1,128,random,1,1,sum,128,False,0.3,sum,False,1,True,1,False,True,0.492,False
0.001,0.0001,500,10,0.1,128,go2vec,1,1,sum,128,False,0.3,sum,False,1,True,1,False,True,0.84,True
0.001,0.0001,500,10,0.1,128,go2vec,1,1,sum,128,False,0.3,sum,True,1,True,1,False,True,0.85,True
0.001,0.0001,500,10,0.1,128,go2vec,1,1,sum,128,False,0.3,mean,True,1,True,1,False,True,0.831,True
0.001,0.0001,500,10,0.1,128,go2vec,1,1,sum,128,False,0.3,mean,True,1,True,1,False,False,0.83,True
0.001,0.0001,500,10,0.1,128,go2vec,1,1,sum,128,False,0.3,mean,True,2,True,1,False,False,0.865,True
0.001,0.0001,500,10,0.1,128,go2vec,1,1,sum,128,False,0.3,mean,True,2,True,2,False,False,0.844,True
0.001,0.0001,500,10,0.1,128,go2vec,1,1,sum,128,False,0.3,mean,True,2,True,2,False,True,0.878,True
0.001,0.01,500,10,0.1,128,go2vec,1,1,sum,128,False,0.3,mean,True,2,True,2,False,True,0.849,True
0.001,0.01,500,10,0.1,128,go2vec,1,1,sum,64,False,0.3,mean,True,2,True,2,False,True,0.813,True
0.001,0.01,500,10,0.1,128,go2vec,1,1,sum,64,True,0.3,mean,True,2,True,2,False,True,0.805,True
0.001,0.01,400,10,0.1,128,go2vec,1,1,sum,64,True,0.3,mean,True,2,True,2,False,True,0.82,True
0.001,0.01,400,10,0.1,64,go2vec,1,1,sum,64,True,0.3,mean,True,2,True,2,False,True,0.797,True
0.001,0.01,400,10,0.1,64,go2vec,1,1,sum,64,True,0.3,mean,True,2,True,3,False,True,0.821,True
0.001,0.01,400,10,0.1,64,go2vec,1,1,sum,32,True,0.3,mean,True,2,True,3,False,True,0.775,True
0.001,0.001,400,10,0.1,64,go2vec,1,1,sum,32,True,0.3,mean,True,2,True,3,False,True,0.855,True
0.001,0.001,400,10,0.1,64,go2vec,1,1,sum,32,False,0.3,mean,True,2,True,3,False,True,0.852,True
0.001,0.001,400,10,0.1,64,go2vec,1,1,sum,32,False,0.5,mean,True,2,True,3,False,True,0.89,True
0.001,0.001,400,10,0.1,64,go2vec,1,1,sum,32,True,0.5,mean,True,2,True,3,False,True,0.866,False
0.001,0.001,400,10,0.1,64,go2vec,1,1,sum,32,False,0.5,mean,True,3,True,3,False,True,0.876,True
0.001,0.001,400,10,0.1,64,go2vec,1,1,sum,32,False,0.3,mean,True,3,True,3,False,True,0.878,True
0.001,0.001,400,10,0.1,64,go2vec,1,1,sum,32,False,0.3,mean,False,3,True,3,False,True,0.893,True
0.001,0.001,400,10,0.1,64,go2vec,1,1,sum,32,False,0.3,mean,False,4,True,3,False,True,0.891,True
0.001,0.001,400,10,0.1,64,go2vec,1,1,sum,32,False,0.3,mean,False,4,False,3,False,True,0.939,True
0.001,0.001,400,10,0.1,32,go2vec,1,1,sum,32,False,0.3,mean,False,4,False,3,False,True,0.936,True
0.001,0.001,300,10,0.1,32,go2vec,1,1,sum,32,False,0.3,mean,False,4,False,3,False,True,0.933,True
0.001,0.001,500,10,0.1,32,go2vec,1,1,sum,32,False,0.3,mean,False,4,False,3,False,True,0.937,True
0.001,0.001,500,10,0.1,32,go2vec,2,1,sum,32,False,0.3,mean,False,4,False,3,False,True,0.933,True
0.001,0.001,300,10,0.1,32,go2vec,2,1,sum,32,False,0.3,mean,False,4,False,3,False,True,0.927,True
0.001,0.001,300,10,0.1,32,go2vec,2,1,sum,32,False,0.3,mean,True,4,False,3,False,True,0.899,True
0.001,0.01,300,10,0.1,32,go2vec,2,1,sum,32,False,0.3,mean,True,4,False,3,False,True,0.919,True
0.001,0.01,300,10,0.1,32,go2vec,2,1,sum,32,True,0.3,mean,True,4,False,3,False,True,0.76,False
0.001,0.01,300,10,0.1,32,go2vec,2,1,sum,32,False,0.3,mean,True,4,False,3,False,False,0.908,True
0.001,0.01,300,10,0.1,32,go2vec,2,1,sum,64,False,0.3,mean,True,4,False,3,False,False,0.898,True
0.001,0.01,300,10,0.1,32,go2vec,2,2,sum,64,False,0.3,mean,True,4,False,3,False,False,0.902,True
0.001,0.01,400,10,0.1,32,go2vec,2,2,sum,64,False,0.3,mean,True,4,False,3,False,False,0.906,True
0.001,0.01,400,10,0.1,32,go2vec,2,2,sum,64,True,0.3,mean,True,4,False,3,False,False,0.601,True
0.001,0.01,400,10,0.1,32,go2vec,2,0,sum,64,True,0.3,mean,True,4,False,3,False,False,0.676,True
0.001,0.01,300,10,0.1,32,go2vec,2,0,sum,64,True,0.3,mean,True,4,False,3,False,False,0.618,True
0.001,0.01,300,10,0.1,32,go2vec,2,0,sum,64,True,0.5,mean,True,4,False,3,False,False,0.544,True
0.001,0.01,300,10,0.1,32,go2vec,2,0,sum,64,True,0.5,sum,True,4,False,3,False,False,0.55,True
0.001,0.01,300,10,0.1,32,go2vec,2,0,sum,64,True,0.5,sum,True,4,True,3,False,False,0.593,True
0.001,0.01,300,10,0.1,32,go2vec,2,0,sum,64,True,0.5,sum,False,4,True,3,False,False,0.602,True
0.001,0.01,300,10,0.1,32,go2vec,2,0,sum,64,True,0.5,sum,False,4,True,3,False,True,0.571,True
0.001,0.01,300,10,0.1,32,random,2,0,sum,64,True,0.5,sum,False,4,True,3,False,True,0.623,True
0.001,0.01,300,10,0.1,32,random,1,0,sum,64,True,0.5,sum,False,4,True,3,False,True,0.588,True
0.001,0.01,300,10,0.1,32,random,1,0,False,64,True,0.5,sum,False,4,True,3,False,True,0.451,False
0.001,0.01,300,10,0.1,32,random,1,0,sum,64,True,0.5,sum,False,1,True,3,False,True,0.501,True
0.001,0.001,300,10,0.1,32,random,1,0,sum,64,True,0.5,sum,False,1,True,3,False,True,0.485,True
0.001,0.001,300,10,0.1,32,random,1,0,sum,64,True,0.5,sum,False,2,True,3,False,True,0.498,True
0.001,0.001,300,10,0.1,32,go2vec,1,0,sum,64,True,0.5,sum,False,2,True,3,False,True,0.886,True
0.001,0.001,300,10,0.1,64,go2vec,1,0,sum,64,True,0.5,sum,False,2,True,3,False,True,0.798,True
0.001,0.001,300,10,0.1,64,go2vec,1,0,sum,64,False,0.5,sum,False,2,True,3,False,True,0.899,True
0.001,0.001,300,10,0.1,64,go2vec,1,0,sum,64,False,0.5,sum,False,1,True,3,False,True,0.764,True
0.001,0.001,300,10,0.1,64,go2vec,1,0,sum,64,False,0.5,sum,False,1,True,3,False,False,0.773,True
0.001,0.001,300,10,0.1,64,go2vec,2,0,sum,64,False,0.5,sum,False,1,True,3,False,False,0.808,True
0.001,0.001,300,10,0.1,64,go2vec,2,0,False,64,False,0.5,sum,False,1,True,3,False,False,0.809,True
0.001,0.001,300,10,0.1,64,go2vec,0,0,False,64,False,0.5,sum,False,1,True,3,False,False,0.807,True
0.001,0.01,300,10,0.1,64,go2vec,0,0,False,64,False,0.5,sum,False,1,True,3,False,False,0.793,True
0.001,0.01,300,10,0.1,64,go2vec,0,1,False,64,False,0.5,sum,False,1,True,3,False,False,0.789,True
0.001,0.01,300,10,0.1,64,go2vec,0,1,False,64,True,0.5,sum,False,1,True,3,False,False,0.795,True
0.001,0.01,300,10,0.1,64,go2vec,0,1,False,64,True,0.5,sum,False,1,False,3,False,False,0.792,True
0.001,0.001,300,10,0.1,64,go2vec,0,1,False,64,True,0.5,sum,False,1,False,3,False,False,0.798,True
0.001,0.001,300,10,0.1,64,go2vec,0,0,False,64,True,0.5,sum,False,1,False,3,False,False,0.819,True
0.001,0.001,300,10,0.1,64,go2vec,0,0,False,64,True,0.5,sum,False,1,False,1,False,False,0.817,True
0.001,0.001,400,10,0.1,64,go2vec,0,0,False,64,True,0.5,sum,False,1,False,1,False,False,0.823,True
0.001,0.001,400,10,0.1,64,go2vec,0,0,False,64,True,0.0,sum,False,1,False,1,False,False,0.821,True
0.001,0.001,400,10,0.1,64,go2vec,0,0,False,64,True,0.0,sum,False,2,False,1,False,False,0.887,True
0.001,0.001,400,10,0.1,64,go2vec,1,0,False,64,True,0.0,sum,False,2,False,1,False,False,0.548,True
0.001,0.001,400,10,0.1,64,go2vec,1,0,False,64,True,0.0,sum,False,2,False,3,False,False,0.752,True
0.001,0.001,400,10,0.1,64,go2vec,1,0,False,64,False,0.0,sum,False,2,False,3,False,False,0.91,True
0.001,0.001,400,10,0.1,64,go2vec,1,0,False,64,False,0.0,sum,True,2,False,3,False,False,0.856,True
0.001,0.001,400,10,0.1,64,go2vec,1,0,cat,64,False,0.0,sum,True,2,False,3,False,False,0.9,True
0.001,0.001,400,10,0.1,64,go2vec,1,0,sum,64,False,0.0,sum,True,2,False,3,False,False,0.904,True
0.001,0.001,400,10,0.1,64,go2vec,1,0,sum,64,False,0.0,sum,True,2,True,3,False,False,0.896,True
0.001,0.001,400,10,0.1,64,go2vec,1,2,sum,64,False,0.0,sum,True,2,True,3,False,False,0.874,True
0.001,0.001,400,10,0.1,64,go2vec,1,2,sum,64,False,0.0,sum,False,2,True,3,False,False,0.89,True
0.001,0.001,400,10,0.1,64,go2vec,1,0,sum,64,False,0.0,sum,False,2,True,3,False,False,0.897,True
0.001,0.001,400,10,0.1,64,go2vec,1,0,sum,64,False,0.0,sum,False,2,True,2,False,False,0.902,True
0.001,0.001,400,10,0.1,64,go2vec,1,0,sum,64,False,0.0,sum,True,2,True,2,False,False,0.906,True
0.001,0.001,400,10,0.1,64,go2vec,1,0,sum,64,False,0.0,sum,True,2,True,2,False,True,0.903,True
0.001,0.001,400,10,0.1,64,go2vec,1,0,sum,64,False,0.0,mean,True,2,True,2,False,True,0.898,True
0.001,0.001,400,10,0.1,64,go2vec,1,0,sum,64,False,0.0,mean,True,3,True,2,False,True,0.906,True
0.001,0.001,400,10,0.1,64,go2vec,1,0,sum,64,False,0.0,sum,True,3,True,2,False,True,0.906,True
0.001,0.001,400,10,0.1,64,go2vec,1,0,sum,64,False,0.0,sum,False,3,True,2,False,True,0.895,True
0.001,0.001,500,10,0.1,64,go2vec,1,0,sum,64,False,0.0,sum,False,3,True,2,False,True,0.903,True
0.001,0.001,500,10,0.1,64,go2vec,1,0,sum,64,True,0.0,sum,False,3,True,2,False,True,0.817,False
0.001,0.01,500,10,0.1,64,go2vec,1,0,sum,64,False,0.0,sum,False,3,True,2,False,True,0.897,True
0.001,0.01,500,10,0.1,64,go2vec,1,0,sum,64,False,0.0,sum,False,3,False,2,False,True,0.937,True
0.001,0.01,500,10,0.1,64,go2vec,1,0,sum,64,False,0.0,sum,False,3,False,1,False,True,0.942,True
0.001,0.01,500,10,0.1,64,go2vec,1,0,sum,64,False,0.0,mean,False,3,False,1,False,True,0.94,True
0.001,0.01,500,10,0.1,64,go2vec,0,0,sum,64,False,0.0,mean,False,3,False,1,False,True,0.933,True
0.001,0.01,500,10,0.1,64,go2vec,2,0,sum,64,False,0.0,mean,False,3,False,1,False,True,0.936,True
0.001,0.01,500,10,0.1,64,go2vec,2,0,sum,64,False,0.0,mean,False,4,False,1,False,True,0.939,True
0.001,0.01,500,10,0.1,64,random,2,0,sum,64,False,0.0,mean,False,4,False,1,False,True,0.867,False
0.001,0.01,400,10,0.1,64,go2vec,2,0,sum,64,False,0.0,mean,False,4,False,1,False,True,0.937,True
0.001,0.01,400,10,0.1,64,go2vec,2,0,sum,64,False,0.3,mean,False,4,False,1,False,True,0.926,True
0.001,0.001,400,10,0.1,64,go2vec,2,0,sum,64,False,0.3,mean,False,4,False,1,False,True,0.919,True
0.001,0.001,400,10,0.1,64,go2vec,2,0,sum,64,False,0.5,mean,False,4,False,1,False,True,0.901,True
0.001,0.001,400,10,0.1,64,go2vec,2,0,cat,64,False,0.5,mean,False,4,False,1,False,True,0.92,True
0.001,0.001,400,10,0.1,64,random,2,0,cat,64,False,0.5,mean,False,4,False,1,False,True,0.864,False
0.001,0.01,400,10,0.1,64,go2vec,2,0,cat,64,False,0.5,mean,False,4,False,1,False,True,0.913,True
0.001,0.01,400,10,0.1,64,go2vec,2,0,cat,64,False,0.5,mean,True,4,False,1,False,True,0.712,True
0.001,0.01,400,10,0.1,64,go2vec,2,0,cat,64,False,0.5,sum,True,4,False,1,False,True,0.86,True
0.001,0.01,400,10,0.1,64,go2vec,2,0,cat,64,False,0.5,sum,True,4,False,1,False,False,0.855,True
0.001,0.01,400,10,0.1,64,go2vec,2,0,cat,64,False,0.5,sum,True,1,False,1,False,False,0.597,False
0.001,0.01,400,10,0.1,64,go2vec,2,0,cat,64,False,0.5,sum,True,4,False,2,False,False,0.833,True
0.001,0.01,400,10,0.1,64,go2vec,2,0,cat,64,False,0.5,sum,True,4,False,2,False,True,0.852,True
0.001,0.001,400,10,0.1,64,go2vec,2,0,cat,64,False,0.5,sum,True,4,False,2,False,True,0.9,True
0.001,0.001,400,10,0.1,64,go2vec,2,0,cat,32,False,0.5,sum,True,4,False,2,False,True,0.897,True
0.001,0.001,400,10,0.1,64,go2vec,2,0,cat,32,True,0.5,sum,True,4,False,2,False,True,0.906,True
0.001,0.001,300,10,0.1,64,go2vec,2,0,cat,32,True,0.5,sum,True,4,False,2,False,True,0.909,True
0.001,0.001,300,10,0.1,32,go2vec,2,0,cat,32,True,0.5,sum,True,4,False,2,False,True,0.909,True
0.001,0.001,300,10,0.1,32,go2vec,2,0,cat,32,True,0.5,sum,True,4,False,3,False,True,0.908,True
0.001,0.001,300,10,0.1,32,go2vec,2,0,cat,16,True,0.5,sum,True,4,False,3,False,True,0.909,True
0.001,0.0001,300,10,0.1,32,go2vec,2,0,cat,16,True,0.5,sum,True,4,False,3,False,True,0.764,True
0.001,0.0001,300,10,0.1,32,go2vec,2,0,cat,16,False,0.5,sum,True,4,False,3,False,True,0.773,True
0.001,0.0001,300,10,0.1,32,go2vec,2,0,cat,16,False,0.0,sum,True,4,False,3,False,True,0.872,True
0.001,0.0001,300,10,0.1,32,go2vec,2,0,cat,16,True,0.0,sum,True,4,False,3,False,True,0.883,True
0.001,0.0001,300,10,0.1,32,go2vec,2,0,cat,16,True,0.0,sum,True,1,False,3,False,True,0.715,False
0.001,0.0001,300,10,0.1,32,go2vec,2,2,cat,16,True,0.0,sum,True,4,False,3,False,True,0.659,False
0.001,0.0001,300,10,0.1,32,go2vec,2,0,cat,16,True,0.0,sum,True,1,False,3,False,True,0.736,False
0.001,0.0001,300,10,0.1,32,go2vec,2,0,cat,16,True,0.0,sum,True,4,True,3,False,True,0.879,True
0.001,0.0001,300,10,0.1,16,go2vec,2,0,cat,16,True,0.0,sum,True,4,True,3,False,True,0.863,True
0.001,0.0001,500,10,0.1,16,go2vec,2,0,cat,16,True,0.0,sum,True,4,True,3,False,True,0.888,True
0.001,0.0001,400,10,0.1,16,go2vec,2,0,cat,16,True,0.0,sum,True,4,True,3,False,True,0.882,True
0.001,0.0001,400,10,0.1,16,go2vec,0,0,cat,16,True,0.0,sum,True,4,True,3,False,True,0.896,True
0.001,0.0001,500,10,0.1,16,go2vec,0,0,cat,16,True,0.0,sum,True,4,True,3,False,True,0.901,True
0.001,0.0001,500,10,0.1,16,go2vec,0,0,cat,16,True,0.0,sum,False,4,True,3,False,True,0.906,True
0.001,0.001,500,10,0.1,16,go2vec,0,0,cat,16,True,0.0,sum,False,4,True,3,False,True,0.89,True
0.001,0.001,500,10,0.1,16,go2vec,0,0,cat,16,False,0.0,sum,False,4,True,3,False,True,0.91,True
0.001,0.001,500,10,0.1,16,go2vec,0,0,cat,16,False,0.0,sum,False,4,True,3,False,False,0.906,True
0.001,0.001,500,10,0.1,16,go2vec,0,0,cat,32,False,0.0,sum,False,4,True,3,False,False,0.903,True
0.001,0.001,500,10,0.1,16,go2vec,0,1,cat,32,False,0.0,sum,False,4,True,3,False,False,0.901,True
0.001,0.001,300,10,0.1,16,go2vec,0,1,cat,32,False,0.0,sum,False,4,True,3,False,False,0.911,True
0.001,0.001,300,10,0.1,16,go2vec,0,1,cat,32,True,0.0,sum,False,4,True,3,False,False,0.886,True
0.001,0.001,300,10,0.1,16,go2vec,0,2,cat,32,True,0.0,sum,False,4,True,3,False,False,0.886,True
0.001,0.001,500,10,0.1,16,go2vec,0,2,cat,32,True,0.0,sum,False,4,True,3,False,False,0.863,True
0.001,0.001,500,10,0.1,16,go2vec,0,2,cat,32,True,0.3,sum,False,4,True,3,False,False,0.891,True
0.001,0.001,500,10,0.1,16,go2vec,0,2,cat,32,True,0.3,mean,False,4,True,3,False,False,0.889,True
0.001,0.001,500,10,0.1,16,go2vec,0,2,cat,32,True,0.3,mean,False,4,False,3,False,False,0.947,True
0.001,0.001,500,10,0.1,16,go2vec,0,2,cat,32,True,0.3,mean,True,4,False,3,False,False,0.944,True
0.001,0.001,500,10,0.1,16,go2vec,0,2,cat,32,True,0.3,mean,True,4,False,3,False,True,0.946,True
0.001,0.001,500,10,0.1,16,random,0,2,cat,32,True,0.3,mean,True,4,False,3,False,True,0.74,False
0.001,0.001,500,10,0.1,16,go2vec,2,2,cat,32,True,0.3,mean,True,4,False,3,False,True,0.945,True
0.001,0.001,500,10,0.1,16,go2vec,2,2,sum,32,True,0.3,mean,True,4,False,3,False,True,0.941,True
0.001,0.001,500,10,0.1,16,go2vec,2,2,sum,32,True,0.3,mean,True,1,False,3,False,True,0.738,True
0.001,0.0001,500,10,0.1,16,go2vec,2,2,sum,32,True,0.3,mean,True,1,False,3,False,True,0.815,True
0.001,0.0001,500,10,0.1,16,go2vec,2,2,sum,32,True,0.3,mean,True,2,False,3,False,True,0.865,True
0.001,0.0001,500,10,0.1,16,random,2,2,sum,32,True,0.3,mean,True,2,False,3,False,True,0.695,False
0.001,0.0001,500,10,0.1,32,go2vec,2,2,sum,32,True,0.3,mean,True,2,False,3,False,True,0.875,True
0.001,0.0001,500,10,0.1,32,go2vec,2,2,sum,32,False,0.3,mean,True,2,False,3,False,True,0.612,False
0.001,0.0001,500,10,0.1,32,go2vec,2,2,sum,32,False,0.3,mean,True,2,False,3,False,True,0.606,True
0.001,0.0001,500,10,0.1,32,go2vec,2,2,sum,32,False,0.3,mean,True,1,False,3,False,True,0.591,True
0.001,0.0001,500,10,0.1,32,go2vec,2,2,sum,32,False,0.3,mean,True,1,False,3,False,False,0.585,True
0.001,0.0001,500,10,0.1,32,go2vec,0,2,sum,32,False,0.3,mean,True,1,False,3,False,False,0.755,True
0.001,0.0001,500,10,0.1,32,go2vec,0,2,False,32,False,0.3,mean,True,1,False,3,False,False,0.738,True
0.001,0.0001,500,10,0.1,32,go2vec,1,2,False,32,False,0.3,mean,True,1,False,3,False,False,0.732,True
0.001,0.001,500,10,0.1,32,go2vec,1,2,False,32,False,0.3,mean,True,1,False,3,False,False,0.803,True
0.001,0.001,500,10,0.1,32,go2vec,1,0,False,32,False,0.3,mean,True,1,False,3,False,False,0.8,True
0.001,0.001,500,10,0.1,32,go2vec,1,0,False,32,True,0.3,mean,True,1,False,3,False,False,0.7,True
0.001,0.001,500,10,0.1,32,go2vec,1,0,False,32,True,0.3,mean,True,1,True,3,False,False,0.622,True
0.001,0.0001,500,10,0.1,32,go2vec,1,0,False,32,True,0.3,mean,True,1,True,3,False,False,0.793,True
0.001,0.0001,500,10,0.1,32,go2vec,1,2,False,32,True,0.3,mean,True,1,True,3,False,False,0.777,True
0.001,0.0001,500,10,0.1,32,go2vec,1,2,False,32,True,0.3,mean,True,1,True,1,False,False,0.783,True
0.001,0.0001,300,10,0.1,32,go2vec,1,2,False,32,True,0.3,mean,True,1,True,1,False,False,0.716,True
0.001,0.0001,300,10,0.1,32,go2vec,1,2,False,32,True,0.5,mean,True,1,True,1,False,False,0.669,True
0.001,0.0001,300,10,0.1,32,go2vec,1,2,False,32,True,0.5,mean,True,2,True,1,False,False,0.688,True
0.001,0.0001,300,10,0.1,32,go2vec,2,2,False,32,True,0.5,mean,True,2,True,1,False,False,0.64,True
0.001,0.0001,300,10,0.1,32,go2vec,2,2,False,32,True,0.5,mean,True,2,True,3,False,False,0.701,True
0.001,0.0001,300,10,0.1,32,go2vec,2,2,False,32,False,0.5,mean,True,2,True,3,False,False,0.641,True
0.001,0.0001,300,10,0.1,32,go2vec,2,2,False,32,False,0.5,mean,False,2,True,3,False,False,0.601,True
0.001,0.0001,300,10,0.1,32,go2vec,2,2,cat,32,False,0.5,mean,False,2,True,3,False,False,0.589,True
0.001,0.0001,300,10,0.1,32,go2vec,2,2,sum,32,False,0.5,mean,False,2,True,3,False,False,0.583,True
0.001,0.0001,300,10,0.1,32,go2vec,2,2,sum,32,False,0.5,mean,False,2,False,3,False,False,0.569,True
0.001,0.0001,300,10,0.1,32,go2vec,2,1,sum,32,False,0.5,mean,False,2,False,3,False,False,0.593,True
0.001,0.0001,300,10,0.1,32,go2vec,2,1,sum,32,False,0.5,mean,True,2,False,3,False,False,0.591,True
0.001,0.0001,300,10,0.1,32,go2vec,2,2,sum,32,False,0.5,mean,True,2,False,3,False,False,0.59,True
0.001,0.0001,300,10,0.1,32,go2vec,2,2,sum,32,False,0.5,mean,True,2,False,2,False,False,0.581,True
0.001,0.0001,300,10,0.1,32,go2vec,2,2,sum,32,False,0.5,mean,False,2,False,2,False,False,0.595,True
0.001,0.0001,300,10,0.1,32,go2vec,2,2,sum,32,False,0.5,mean,False,2,False,2,False,True,0.596,True
0.001,0.0001,300,10,0.1,32,go2vec,2,2,sum,32,False,0.5,sum,False,2,False,2,False,True,0.629,True
0.001,0.0001,300,10,0.1,32,go2vec,2,2,sum,32,False,0.5,sum,False,3,False,2,False,True,0.756,True
0.001,0.0001,300,10,0.1,32,go2vec,2,2,sum,32,False,0.5,mean,False,3,False,2,False,True,0.643,True
0.001,0.0001,300,10,0.1,32,go2vec,2,2,sum,32,False,0.5,mean,True,3,False,2,False,True,0.584,True
0.001,0.0001,400,10,0.1,32,go2vec,2,2,sum,32,False,0.5,mean,True,3,False,2,False,True,0.659,True
0.001,0.0001,400,10,0.1,32,go2vec,2,2,sum,32,True,0.5,mean,True,3,False,2,False,True,0.754,True
0.001,0.001,400,10,0.1,32,go2vec,2,2,sum,32,True,0.5,mean,True,3,False,2,False,True,0.878,True
0.001,0.001,400,10,0.1,32,go2vec,2,2,sum,32,True,0.5,mean,True,3,True,2,False,True,0.867,True
0.001,0.001,400,10,0.1,32,go2vec,2,2,sum,32,True,0.5,mean,True,3,True,1,False,True,0.835,True
0.001,0.001,400,10,0.1,32,go2vec,2,2,sum,32,True,0.5,sum,True,3,True,1,False,True,0.831,True
0.001,0.001,400,10,0.1,32,go2vec,1,2,sum,32,True,0.5,sum,True,3,True,1,False,True,0.848,True
0.001,0.001,400,10,0.1,32,go2vec,0,2,sum,32,True,0.5,sum,True,3,True,1,False,True,0.855,True
0.001,0.001,400,10,0.1,32,go2vec,0,2,sum,32,True,0.5,sum,True,4,True,1,False,True,0.846,True
0.001,0.001,400,10,0.1,32,random,0,2,sum,32,True,0.5,sum,True,4,True,1,False,True,0.546,False
0.001,0.001,300,10,0.1,32,go2vec,0,2,sum,32,True,0.5,sum,True,4,True,1,False,True,0.838,True
0.001,0.001,300,10,0.1,32,go2vec,0,2,sum,32,True,0.0,sum,True,4,True,1,False,True,0.878,True
0.001,0.0001,300,10,0.1,32,go2vec,0,2,sum,32,True,0.0,sum,True,4,True,1,False,True,0.882,True
0.001,0.0001,300,10,0.1,32,go2vec,0,2,sum,32,True,0.3,sum,True,4,True,1,False,True,0.807,False
0.001,0.0001,300,10,0.1,32,go2vec,0,2,cat,32,True,0.0,sum,True,4,True,1,False,True,0.884,True
0.001,0.0001,300,10,0.1,32,random,0,2,cat,32,True,0.0,sum,True,4,True,1,False,True,0.728,False
0.001,0.001,300,10,0.1,32,go2vec,0,2,cat,32,True,0.0,sum,True,4,True,1,False,True,0.881,True
0.001,0.001,300,10,0.1,32,go2vec,0,2,cat,32,True,0.0,sum,False,4,True,1,False,True,0.883,True
0.001,0.001,300,10,0.1,32,go2vec,0,2,cat,32,True,0.0,mean,False,4,True,1,False,True,0.878,True
0.001,0.001,300,10,0.1,32,go2vec,0,2,cat,32,True,0.0,mean,False,4,True,1,False,False,0.883,True
0.001,0.001,300,10,0.1,32,go2vec,0,2,cat,32,True,0.0,mean,False,1,True,1,False,False,0.583,False
0.001,0.001,300,10,0.1,32,go2vec,0,2,cat,32,True,0.0,mean,False,4,True,2,False,False,0.884,True
0.001,0.001,300,10,0.1,32,go2vec,0,2,cat,32,True,0.0,mean,False,4,True,2,False,True,0.857,True
0.001,0.0001,300,10,0.1,32,go2vec,0,2,cat,32,True,0.0,mean,False,4,True,2,False,True,0.911,True
0.001,0.0001,300,10,0.1,32,go2vec,0,2,cat,16,True,0.0,mean,False,4,True,2,False,True,0.893,True
0.001,0.0001,300,10,0.1,32,go2vec,0,2,cat,16,False,0.0,mean,False,4,True,2,False,True,0.695,False
0.001,0.0001,500,10,0.1,32,go2vec,0,2,cat,16,True,0.0,mean,False,4,True,2,False,True,0.901,True
0.001,0.0001,500,10,0.1,16,go2vec,0,2,cat,16,True,0.0,mean,False,4,True,2,False,True,0.898,True
0.001,0.0001,500,10,0.1,16,go2vec,0,2,cat,16,True,0.0,mean,False,4,True,3,False,True,0.903,True
0.001,0.0001,500,10,0.1,16,go2vec,0,2,cat,128,True,0.0,mean,False,4,True,3,False,True,0.867,True
0.001,0.01,500,10,0.1,16,go2vec,0,2,cat,128,True,0.0,mean,False,4,True,3,False,True,0.523,True
0.001,0.01,500,10,0.1,16,go2vec,0,2,cat,128,False,0.0,mean,False,4,True,3,False,True,0.9,True
0.001,0.01,500,10,0.1,16,go2vec,0,2,cat,128,False,0.3,mean,False,4,True,3,False,True,0.894,True
0.001,0.01,500,10,0.1,16,go2vec,0,2,cat,128,True,0.3,mean,False,4,True,3,False,True,0.61,False
0.001,0.01,500,10,0.1,16,go2vec,0,2,cat,128,False,0.3,mean,False,1,True,3,False,True,0.797,False
0.001,0.01,500,10,0.1,16,go2vec,0,1,cat,128,False,0.3,mean,False,4,True,3,False,True,0.893,True
0.001,0.01,500,10,0.1,16,go2vec,0,1,cat,128,False,0.3,mean,False,1,True,3,False,True,0.797,False
0.001,0.01,500,10,0.1,16,go2vec,0,1,cat,128,False,0.3,mean,False,4,False,3,False,True,0.942,True
0.001,0.01,500,10,0.1,128,go2vec,0,1,cat,128,False,0.3,mean,False,4,False,3,False,True,0.945,True
0.001,0.01,400,10,0.1,128,go2vec,0,1,cat,128,False,0.3,mean,False,4,False,3,False,True,0.945,True
0.001,0.01,300,10,0.1,128,go2vec,0,1,cat,128,False,0.3,mean,False,4,False,3,False,True,0.939,False
0.001,0.01,400,10,0.1,128,go2vec,1,1,cat,128,False,0.3,mean,False,4,False,3,False,True,0.94,True
0.001,0.01,500,10,0.1,128,go2vec,1,1,cat,128,False,0.3,mean,False,4,False,3,False,True,0.939,True
0.001,0.01,500,10,0.1,128,go2vec,1,1,cat,128,False,0.3,mean,True,4,False,3,False,True,0.911,False
0.001,0.01,500,10,0.1,128,go2vec,1,1,cat,128,False,0.3,mean,True,4,False,3,False,True,0.907,False
0.001,0.01,500,10,0.1,128,go2vec,1,1,cat,128,True,0.3,mean,False,4,False,3,False,True,0.5,False
0.001,0.01,500,10,0.1,128,go2vec,1,1,cat,128,False,0.3,mean,False,4,False,3,False,False,0.929,True
0.001,0.01,500,10,0.1,128,go2vec,1,1,cat,16,False,0.3,mean,False,4,False,3,False,False,0.926,True
0.001,0.01,500,10,0.1,128,go2vec,1,2,cat,16,False,0.3,mean,False,4,False,3,False,False,0.902,True
0.001,0.01,300,10,0.1,128,go2vec,1,2,cat,16,False,0.3,mean,False,4,False,3,False,False,0.9,True
0.001,0.01,300,10,0.1,128,go2vec,1,2,cat,16,True,0.3,mean,False,4,False,3,False,False,0.781,True
0.001,0.01,300,10,0.1,128,go2vec,1,0,cat,16,True,0.3,mean,False,4,False,3,False,False,0.829,True
0.001,0.01,500,10,0.1,128,go2vec,1,0,cat,16,True,0.3,mean,False,4,False,3,False,False,0.788,True
0.001,0.01,500,10,0.1,128,go2vec,1,0,cat,16,True,0.5,mean,False,4,False,3,False,False,0.683,True
0.001,0.01,500,10,0.1,128,go2vec,1,0,cat,16,True,0.5,sum,False,4,False,3,False,False,0.751,True
0.001,0.01,500,10,0.1,128,go2vec,1,0,cat,16,True,0.5,sum,False,4,True,3,False,False,0.579,True
0.001,0.01,500,10,0.1,128,go2vec,1,0,cat,16,True,0.5,sum,True,4,True,3,False,False,0.617,True
0.001,0.01,500,10,0.1,128,go2vec,1,0,cat,16,True,0.5,sum,True,4,True,3,False,True,0.867,True
0.001,0.01,500,10,0.1,128,random,1,0,cat,16,True,0.5,sum,True,4,True,3,False,True,0.592,False
0.001,0.01,500,10,0.1,128,go2vec,0,0,cat,16,True,0.5,sum,True,4,True,3,False,True,0.873,True
0.001,0.01,500,10,0.1,128,go2vec,0,0,sum,16,True,0.5,sum,True,4,True,3,False,True,0.902,True
0.001,0.01,500,10,0.1,128,go2vec,0,0,sum,16,True,0.5,sum,True,1,True,3,False,True,0.78,True
0.001,0.001,500,10,0.1,128,go2vec,0,0,sum,16,True,0.5,sum,True,1,True,3,False,True,0.536,True
0.001,0.001,500,10,0.1,128,go2vec,0,0,sum,16,True,0.5,sum,True,2,True,3,False,True,0.792,True
0.001,0.001,500,10,0.1,128,random,0,0,sum,16,True,0.5,sum,True,2,True,3,False,True,0.411,False
0.001,0.001,500,10,0.1,16,go2vec,0,0,sum,16,True,0.5,sum,True,2,True,3,False,True,0.873,True
0.001,0.001,500,10,0.1,16,go2vec,0,0,sum,16,False,0.5,sum,True,2,True,3,False,True,0.817,True
0.001,0.001,500,10,0.1,16,go2vec,0,0,sum,16,False,0.5,sum,True,1,True,3,False,True,0.719,True
0.001,0.001,500,10,0.1,16,go2vec,0,0,sum,16,False,0.5,sum,True,1,True,3,False,False,0.6,True
0.001,0.001,500,10,0.1,16,go2vec,1,0,sum,16,False,0.5,sum,True,1,True,3,False,False,0.805,True
0.001,0.001,500,10,0.1,16,go2vec,1,0,False,16,False,0.5,sum,True,1,True,3,False,False,0.789,True
0.001,0.001,500,10,0.1,16,go2vec,2,0,False,16,False,0.5,sum,True,1,True,3,False,False,0.77,False
0.001,0.01,500,10,0.1,16,go2vec,1,0,False,16,False,0.5,sum,True,1,True,3,False,False,0.57,False
0.001,0.0001,500,10,0.1,16,go2vec,1,0,False,16,False,0.5,sum,True,1,True,3,False,False,0.746,True
0.001,0.0001,500,10,0.1,16,go2vec,1,0,False,16,True,0.5,sum,True,1,True,3,False,False,0.771,True
0.001,0.0001,500,10,0.1,16,go2vec,1,0,False,16,True,0.5,sum,True,1,False,3,False,False,0.754,True
0.001,0.01,500,10,0.1,16,go2vec,1,0,False,16,True,0.5,sum,True,1,False,3,False,False,0.53,True
0.001,0.01,500,10,0.1,16,go2vec,1,2,False,16,True,0.5,sum,True,1,False,3,False,False,0.649,True
0.001,0.01,500,10,0.1,16,go2vec,1,2,False,16,True,0.5,sum,True,1,False,1,False,False,0.484,False
0.001,0.01,300,10,0.1,16,go2vec,1,2,False,16,True,0.5,sum,True,1,False,3,False,False,0.609,True
0.001,0.01,300,10,0.1,16,go2vec,1,2,False,16,True,0.0,sum,True,1,False,3,False,False,0.491,False
0.001,0.01,300,10,0.1,16,go2vec,1,2,False,16,True,0.5,sum,True,2,False,3,False,False,0.614,True
0.001,0.01,300,10,0.1,16,go2vec,2,2,False,16,True,0.5,sum,True,2,False,3,False,False,0.525,True
0.001,0.01,300,10,0.1,16,go2vec,2,2,False,16,True,0.5,sum,True,2,False,2,False,False,0.565,True
0.001,0.01,300,10,0.1,16,go2vec,2,2,False,16,False,0.5,sum,True,2,False,2,False,False,0.545,True
0.001,0.01,300,10,0.1,16,go2vec,2,2,False,16,False,0.5,sum,False,2,False,2,False,False,0.553,True
0.001,0.01,300,10,0.1,16,go2vec,2,2,cat,16,False,0.5,sum,False,2,False,2,False,False,0.775,True
0.001,0.01,300,10,0.1,16,go2vec,2,2,sum,16,False,0.5,sum,False,2,False,2,False,False,0.734,True
0.001,0.01,300,10,0.1,16,go2vec,2,2,sum,16,False,0.5,sum,False,2,True,2,False,False,0.792,True
0.001,0.01,300,10,0.1,16,go2vec,2,1,sum,16,False,0.5,sum,False,2,True,2,False,False,0.83,True
0.001,0.01,300,10,0.1,16,go2vec,2,1,sum,16,False,0.5,sum,True,2,True,2,False,False,0.849,True
0.001,0.01,300,10,0.1,16,go2vec,2,2,sum,16,False,0.5,sum,True,2,True,2,False,False,0.778,True
0.001,0.01,300,10,0.1,16,go2vec,2,2,sum,16,False,0.5,sum,True,2,True,1,False,False,0.796,True
0.001,0.01,300,10,0.1,16,go2vec,2,2,sum,16,False,0.5,sum,False,2,True,1,False,False,0.779,True
0.001,0.01,300,10,0.1,16,go2vec,2,2,sum,16,False,0.5,sum,False,2,True,1,False,True,0.777,True
0.001,0.01,300,10,0.1,16,go2vec,2,2,sum,16,False,0.5,mean,False,2,True,1,False,True,0.823,True
0.001,0.01,300,10,0.1,16,go2vec,2,2,sum,16,False,0.5,mean,False,3,True,1,False,True,0.802,True
0.001,0.01,300,10,0.1,16,go2vec,2,2,sum,16,False,0.5,sum,False,3,True,1,False,True,0.809,True
0.001,0.01,300,10,0.1,16,go2vec,2,2,sum,16,False,0.5,sum,True,3,True,1,False,True,0.811,True
0.001,0.01,400,10,0.1,16,go2vec,2,2,sum,16,False,0.5,sum,True,3,True,1,False,True,0.779,True
0.001,0.01,400,10,0.1,16,go2vec,2,2,sum,16,True,0.5,sum,True,3,True,1,False,True,0.532,False
0.001,0.0001,400,10,0.1,16,go2vec,2,2,sum,16,False,0.5,sum,True,3,True,1,False,True,0.603,True
0.001,0.0001,400,10,0.1,16,go2vec,2,2,sum,16,False,0.5,sum,True,3,False,1,False,True,0.621,True
0.001,0.0001,400,10,0.1,16,go2vec,2,2,sum,16,False,0.5,sum,True,3,False,3,False,True,0.599,True
0.001,0.0001,400,10,0.1,16,go2vec,2,2,sum,16,False,0.5,mean,True,3,False,3,False,True,0.6,True
0.001,0.0001,400,10,0.1,16,go2vec,1,2,sum,16,False,0.5,mean,True,3,False,3,False,True,0.595,True
0.001,0.0001,400,10,0.1,16,go2vec,0,2,sum,16,False,0.5,mean,True,3,False,3,False,True,0.62,True
0.001,0.0001,400,10,0.1,16,go2vec,0,2,sum,16,False,0.0,mean,True,3,False,3,False,True,0.695,True
0.001,0.0001,400,10,0.1,16,go2vec,0,2,cat,16,False,0.0,mean,True,3,False,3,False,True,0.787,True
0.001,0.0001,400,10,0.1,16,random,0,2,cat,16,False,0.0,mean,True,3,False,3,False,True,0.523,False
0.001,0.001,400,10,0.1,16,go2vec,0,2,cat,16,False,0.0,mean,True,3,False,3,False,True,0.77,True
0.001,0.001,400,10,0.1,16,go2vec,0,2,cat,16,False,0.0,mean,False,3,False,3,False,True,0.923,True
0.001,0.001,400,10,0.1,16,go2vec,0,2,cat,16,False,0.0,sum,False,3,False,3,False,True,0.931,True
0.001,0.001,400,10,0.1,16,go2vec,0,2,cat,16,False,0.0,sum,False,3,False,3,False,False,0.913,True
0.001,0.001,400,10,0.1,16,go2vec,0,2,cat,16,False,0.0,sum,False,4,False,3,False,False,0.917,True
0.001,0.001,400,10,0.1,16,go2vec,0,2,cat,16,False,0.0,sum,False,4,False,1,False,False,0.934,True
0.001,0.001,400,10,0.1,16,go2vec,0,2,cat,16,False,0.0,sum,False,4,False,1,False,True,0.931,True
0.001,0.0001,400,10,0.1,16,go2vec,0,2,cat,16,False,0.0,sum,False,4,False,1,False,True,0.788,False
0.001,0.001,400,10,0.1,16,go2vec,0,2,cat,128,False,0.0,sum,False,4,False,1,False,True,0.944,True
0.001,0.001,400,10,0.1,16,go2vec,0,2,cat,128,True,0.0,sum,False,4,False,1,False,True,0.938,True
0.001,0.001,300,10,0.1,16,go2vec,0,2,cat,128,True,0.0,sum,False,4,False,1,False,True,0.941,True
0.001,0.001,300,10,0.1,128,go2vec,0,2,cat,128,True,0.0,sum,False,4,False,1,False,True,0.94,True
0.001,0.001,300,10,0.1,128,go2vec,0,2,cat,128,True,0.0,sum,False,4,False,2,False,True,0.938,True
0.001,0.001,300,10,0.1,128,go2vec,0,2,cat,64,True,0.0,sum,False,4,False,2,False,True,0.935,True
0.001,0.0001,300,10,0.1,128,go2vec,0,2,cat,64,True,0.0,sum,False,4,False,2,False,True,0.933,True
0.001,0.0001,300,10,0.1,128,go2vec,0,2,cat,64,False,0.0,sum,False,4,False,2,False,True,0.924,True
0.001,0.0001,300,10,0.1,128,go2vec,0,2,cat,64,False,0.3,sum,False,4,False,2,False,True,0.908,True
0.001,0.0001,300,10,0.1,128,go2vec,0,2,cat,64,True,0.3,sum,False,4,False,2,False,True,0.935,True
0.001,0.0001,300,10,0.1,128,go2vec,0,2,cat,64,True,0.3,sum,False,1,False,2,False,True,0.821,False
0.001,0.0001,300,10,0.1,128,go2vec,0,1,cat,64,True,0.3,sum,False,4,False,2,False,True,0.944,True
0.001,0.0001,300,10,0.1,128,go2vec,0,1,cat,64,True,0.3,sum,False,1,False,2,False,True,0.826,False
0.001,0.0001,300,10,0.1,128,go2vec,0,1,cat,64,True,0.3,sum,False,4,True,2,False,True,0.902,False
0.001,0.0001,300,10,0.1,64,go2vec,0,1,cat,64,True,0.3,sum,False,4,False,2,False,True,0.945,True
0.001,0.0001,500,10,0.1,64,go2vec,0,1,cat,64,True,0.3,sum,False,4,False,2,False,True,0.951,True
0.001,0.0001,400,10,0.1,64,go2vec,0,1,cat,64,True,0.3,sum,False,4,False,2,False,True,0.949,False
0.001,0.0001,500,10,0.1,64,go2vec,1,1,cat,64,True,0.3,sum,False,4,False,2,False,True,0.936,True
0.001,0.0001,300,10,0.1,64,go2vec,1,1,cat,64,True,0.3,sum,False,4,False,2,False,True,0.92,True
0.001,0.0001,300,10,0.1,64,go2vec,1,1,cat,64,True,0.3,sum,True,4,False,2,False,True,0.845,False
0.001,0.0001,300,10,0.1,64,go2vec,1,1,cat,64,True,0.3,sum,True,4,False,2,False,True,0.844,False
0.001,0.0001,300,10,0.1,64,go2vec,1,1,cat,64,False,0.3,sum,False,4,False,2,False,True,0.913,True
0.001,0.0001,300,10,0.1,64,go2vec,1,1,cat,64,False,0.3,sum,False,4,False,2,False,False,0.88,False
0.001,0.0001,300,10,0.1,64,go2vec,1,1,cat,64,False,0.3,sum,False,4,False,2,False,False,0.875,True
0.001,0.0001,300,10,0.1,64,go2vec,1,2,cat,64,False,0.3,sum,False,4,False,2,False,False,0.848,True
0.001,0.0001,400,10,0.1,64,go2vec,1,2,cat,64,False,0.3,sum,False,4,False,2,False,False,0.874,True
0.001,0.0001,400,10,0.1,64,go2vec,1,2,cat,64,True,0.3,sum,False,4,False,2,False,False,0.905,True
0.001,0.0001,400,10,0.1,64,go2vec,1,0,cat,64,True,0.3,sum,False,4,False,2,False,False,0.904,True
0.001,0.0001,300,10,0.1,64,go2vec,1,0,cat,64,True,0.3,sum,False,4,False,2,False,False,0.89,True
0.001,0.0001,300,10,0.1,64,go2vec,1,0,cat,64,True,0.5,sum,False,4,False,2,False,False,0.83,False
0.001,0.0001,300,10,0.1,64,go2vec,1,0,cat,64,True,0.3,mean,False,4,False,2,False,False,0.917,True
0.001,0.0001,300,10,0.1,64,go2vec,1,0,cat,64,True,0.3,mean,False,4,True,2,False,False,0.877,True
0.001,0.0001,300,10,0.1,64,go2vec,1,0,cat,64,True,0.3,mean,True,4,True,2,False,False,0.883,True
0.001,0.0001,300,10,0.1,64,go2vec,1,0,cat,64,True,0.3,mean,True,4,True,2,False,True,0.882,True
0.001,0.0001,300,10,0.1,64,random,1,0,cat,64,True,0.3,mean,True,4,True,2,False,True,0.814,False
0.001,0.0001,300,10,0.1,64,go2vec,0,0,cat,64,True,0.3,mean,True,4,True,2,False,True,0.886,True
0.001,0.0001,300,10,0.1,64,go2vec,0,0,sum,64,True,0.3,mean,True,4,True,2,False,True,0.881,True
0.001,0.0001,300,10,0.1,64,go2vec,0,0,sum,64,True,0.3,mean,True,1,True,2,False,True,0.604,False
0.001,0.01,300,10,0.1,64,go2vec,0,0,sum,64,True,0.3,mean,True,4,True,2,False,True,0.886,True
0.001,0.01,300,10,0.1,64,go2vec,0,0,sum,64,True,0.3,mean,True,1,True,2,False,True,0.792,False
0.001,0.01,300,10,0.1,64,random,0,0,sum,64,True,0.3,mean,True,4,True,2,False,True,0.701,False
0.001,0.01,300,10,0.1,128,go2vec,0,0,sum,64,True,0.3,mean,True,4,True,2,False,True,0.891,True
0.001,0.01,300,10,0.1,128,go2vec,0,0,sum,64,False,0.3,mean,True,4,True,2,False,True,0.895,True
0.001,0.01,300,10,0.1,128,go2vec,0,0,sum,64,False,0.3,mean,True,3,True,2,False,True,0.892,True
0.001,0.01,300,10,0.1,128,go2vec,0,0,sum,64,False,0.3,mean,True,3,True,2,False,False,0.897,True
0.001,0.01,300,10,0.1,128,go2vec,1,0,sum,64,False,0.3,mean,True,3,True,2,False,False,0.801,False
0.001,0.01,300,10,0.1,128,go2vec,0,0,False,64,False,0.3,mean,True,3,True,2,False,False,0.88,True
0.001,0.01,300,10,0.1,128,go2vec,1,0,False,64,False,0.3,mean,True,3,True,2,False,False,0.896,True
0.001,0.0001,300,10,0.1,128,go2vec,1,0,False,64,False,0.3,mean,True,3,True,2,False,False,0.843,True
0.001,0.0001,300,10,0.1,128,go2vec,1,1,False,64,False,0.3,mean,True,3,True,2,False,False,0.844,True
0.001,0.0001,300,10,0.1,128,go2vec,1,1,False,64,True,0.3,mean,True,3,True,2,False,False,0.84,True
0.001,0.0001,300,10,0.1,128,go2vec,1,1,False,64,True,0.3,mean,True,3,False,2,False,False,0.808,False
0.001,0.01,300,10,0.1,128,go2vec,1,1,False,64,True,0.3,mean,True,3,True,2,False,False,0.548,False
0.001,0.0001,300,10,0.1,128,go2vec,1,0,False,64,True,0.3,mean,True,3,True,2,False,False,0.845,True
0.001,0.0001,300,10,0.1,128,go2vec,1,0,False,64,True,0.3,mean,True,3,True,3,False,False,0.866,True
0.001,0.0001,400,10,0.1,128,go2vec,1,0,False,64,True,0.3,mean,True,3,True,3,False,False,0.795,False
0.001,0.0001,300,10,0.1,128,go2vec,1,0,False,64,True,0.5,mean,True,3,True,3,False,False,0.836,True
0.001,0.0001,300,10,0.1,128,go2vec,1,0,False,64,True,0.5,mean,True,4,True,3,False,False,0.827,True
0.001,0.0001,300,10,0.1,128,go2vec,2,0,False,64,True,0.5,mean,True,4,True,3,False,False,0.805,True
0.001,0.0001,300,10,0.1,128,go2vec,2,0,False,64,True,0.5,mean,True,4,True,2,False,False,0.792,False
0.001,0.0001,300,10,0.1,128,go2vec,2,0,False,64,False,0.5,mean,True,4,True,3,False,False,0.801,True
0.001,0.0001,300,10,0.1,128,go2vec,2,0,False,64,False,0.5,mean,False,4,True,3,False,False,0.773,False
0.001,0.0001,300,10,0.1,128,go2vec,2,0,cat,64,False,0.5,mean,True,4,True,3,False,False,0.82,True
0.001,0.0001,300,10,0.1,128,go2vec,2,0,sum,64,False,0.5,mean,True,4,True,3,False,False,0.769,True
0.001,0.0001,300,10,0.1,128,go2vec,2,0,sum,64,False,0.5,mean,True,4,False,3,False,False,0.784,True
0.001,0.0001,300,10,0.1,128,go2vec,2,2,sum,64,False,0.5,mean,True,4,False,3,False,False,0.591,False
0.001,0.0001,300,10,0.1,128,go2vec,2,0,sum,64,False,0.5,mean,False,4,False,3,False,False,0.635,True
0.001,0.0001,300,10,0.1,128,go2vec,2,1,sum,64,False,0.5,mean,False,4,False,3,False,False,0.67,True
0.001,0.0001,300,10,0.1,128,go2vec,2,1,sum,64,False,0.5,mean,False,4,False,2,False,False,0.708,True
0.001,0.0001,300,10,0.1,128,go2vec,2,1,sum,64,False,0.5,mean,True,4,False,2,False,False,0.662,False
0.001,0.0001,300,10,0.1,128,go2vec,2,1,sum,64,False,0.5,mean,False,4,False,2,False,True,0.827,True
0.001,0.0001,300,10,0.1,128,go2vec,2,1,sum,64,False,0.5,sum,False,4,False,2,False,True,0.835,True
0.001,0.0001,300,10,0.1,128,go2vec,2,1,sum,64,False,0.5,sum,False,1,False,2,False,True,0.666,False
0.001,0.0001,300,10,0.1,128,go2vec,2,1,sum,32,False,0.5,sum,False,4,False,2,False,True,0.761,False
0.001,0.0001,300,10,0.1,128,go2vec,2,1,sum,64,False,0.5,sum,False,4,False,2,False,False,0.819,False
0.001,0.0001,400,10,0.1,128,go2vec,2,1,sum,64,False,0.5,sum,False,4,False,2,False,True,0.868,True
0.001,0.0001,400,10,0.1,128,go2vec,2,1,sum,64,True,0.5,sum,False,4,False,2,False,True,0.727,False
0.001,0.001,400,10,0.1,128,go2vec,2,1,sum,64,False,0.5,sum,False,4,False,2,False,True,0.937,True
0.001,0.001,400,10,0.1,128,go2vec,2,1,sum,64,False,0.5,sum,False,4,True,2,False,True,0.883,False
0.001,0.001,400,10,0.1,128,go2vec,2,1,sum,64,False,0.5,sum,False,4,False,1,False,True,0.928,False
0.001,0.001,400,10,0.1,128,go2vec,2,1,sum,64,False,0.5,mean,False,4,False,2,False,True,0.929,True
0.001,0.001,400,10,0.1,128,go2vec,1,1,sum,64,False,0.5,mean,False,4,False,2,False,True,0.933,True
0.001,0.001,400,10,0.1,128,go2vec,0,1,sum,64,False,0.5,mean,False,4,False,2,False,True,0.939,True
0.001,0.001,400,10,0.1,128,go2vec,0,1,sum,64,False,0.5,mean,False,1,False,2,False,True,0.816,False
0.001,0.001,400,10,0.1,128,random,0,1,sum,64,False,0.5,mean,False,4,False,2,False,True,0.826,False
0.001,0.001,300,10,0.1,128,go2vec,0,1,sum,64,False,0.5,mean,False,4,False,2,False,True,0.936,True
0.001,0.001,300,10,0.1,128,go2vec,0,1,sum,64,False,0.0,mean,False,4,False,2,False,True,0.934,True
0.001,0.0001,300,10,0.1,128,go2vec,0,1,sum,64,False,0.0,mean,False,4,False,2,False,True,0.893,False
0.001,0.0001,300,10,0.1,128,go2vec,0,1,sum,64,False,0.0,mean,False,4,False,2,False,True,0.891,False
