weight_decay,lr,epochs,patience,delta,feature_dim,features,pre_process_layers,post_process_layers,layer_connectivity,hidden_channels,batch_norm,dropout,macro_aggregation,L2_norm,msg_passing_layers,normalize_output,aggr,val_auc,accepted
0.001,0.001,400,10,0.1,32,go2vec,1,1,False,32,False,0.0,mean,True,3,False,sum,0.93,True
0.001,0.001,400,10,0.1,32,go2vec,1,1,False,32,False,0.3,mean,True,3,False,sum,0.926,True
0.001,0.001,400,10,0.1,32,go2vec,1,1,sum,32,False,0.3,mean,True,3,False,sum,0.919,True
0.001,0.001,400,10,0.1,32,random,1,1,sum,32,False,0.3,mean,True,3,False,sum,0.913,True
0.001,0.01,400,10,0.1,32,random,1,1,sum,32,False,0.3,mean,True,3,False,sum,0.924,True
0.001,0.01,400,10,0.1,32,random,1,1,sum,32,False,0.3,mean,False,3,False,sum,0.506,True
0.001,0.01,400,10,0.1,32,random,1,1,sum,32,False,0.3,sum,False,3,False,sum,0.513,True
0.001,0.01,400,10,0.1,32,random,1,1,sum,32,False,0.3,sum,False,3,True,sum,0.881,True
0.001,0.01,400,10,0.1,32,random,1,1,sum,32,False,0.3,sum,False,4,True,sum,0.873,True
0.001,0.01,400,10,0.1,32,random,1,1,sum,32,False,0.3,sum,False,4,True,mean,0.82,True
0.001,0.01,400,10,0.1,32,random,1,1,sum,32,False,0.3,sum,True,4,True,mean,0.804,True
0.001,0.01,400,10,0.1,32,random,1,1,cat,32,False,0.3,sum,True,4,True,mean,0.814,True
0.001,0.01,400,10,0.1,32,random,1,1,cat,16,False,0.3,sum,True,4,True,mean,0.791,True
0.001,0.01,400,10,0.1,32,random,1,1,cat,16,True,0.3,sum,True,4,True,mean,0.463,True
0.001,0.01,300,10,0.1,32,random,1,1,cat,16,True,0.3,sum,True,4,True,mean,0.715,True
0.001,0.01,300,10,0.1,16,random,1,1,cat,16,True,0.3,sum,True,4,True,mean,0.486,True
0.001,0.01,300,10,0.1,16,random,1,1,cat,16,True,0.3,sum,True,4,True,max,0.825,True
0.001,0.01,300,10,0.1,16,random,1,1,cat,128,True,0.3,sum,True,4,True,max,0.724,True
0.001,0.001,300,10,0.1,16,random,1,1,cat,128,True,0.3,sum,True,4,True,max,0.65,True
0.001,0.001,300,10,0.1,16,random,1,1,cat,128,False,0.3,sum,True,4,True,max,0.631,True
0.001,0.001,300,10,0.1,16,random,1,1,cat,128,False,0.5,sum,True,4,True,max,0.617,True
0.001,0.001,300,10,0.1,16,random,1,1,cat,128,True,0.5,sum,True,4,True,max,0.697,True
0.001,0.001,300,10,0.1,16,random,1,1,cat,128,True,0.5,sum,True,1,True,max,0.53,True
0.001,0.001,300,10,0.1,16,random,1,1,cat,128,True,0.3,sum,True,1,True,max,0.507,True
0.001,0.001,300,10,0.1,16,random,1,1,cat,128,True,0.3,sum,False,1,True,max,0.48,True
0.001,0.001,300,10,0.1,16,random,1,1,cat,128,True,0.3,sum,False,2,True,max,0.639,True
0.001,0.001,300,10,0.1,16,random,1,1,cat,128,True,0.3,sum,False,2,False,max,0.767,True
0.001,0.001,300,10,0.1,128,random,1,1,cat,128,True,0.3,sum,False,2,False,max,0.352,True
0.001,0.001,300,10,0.1,128,random,1,1,cat,128,True,0.3,sum,False,2,True,max,0.624,True
0.001,0.001,300,10,0.1,128,random,1,1,cat,16,True,0.3,sum,False,2,True,max,0.656,True
0.001,0.001,300,10,0.1,128,random,1,1,False,16,True,0.3,sum,False,2,True,max,0.639,True
0.001,0.001,300,10,0.1,128,random,1,1,False,16,False,0.3,sum,False,2,True,max,0.511,True
0.001,0.001,400,10,0.1,128,random,1,1,False,16,False,0.3,sum,False,2,True,max,0.548,True
0.001,0.001,400,10,0.1,128,random,1,1,False,16,False,0.3,sum,True,2,True,max,0.608,True
0.001,0.01,400,10,0.1,128,random,1,1,False,16,False,0.3,sum,True,2,True,max,0.576,True
0.001,0.01,400,10,0.1,128,random,1,1,False,16,True,0.3,sum,True,2,True,max,0.621,True
0.001,0.01,400,10,0.1,128,random,1,1,False,16,True,0.3,sum,True,2,False,max,0.4,False
0.001,0.01,400,10,0.1,128,go2vec,1,1,False,16,True,0.3,sum,True,2,True,max,0.661,True
0.001,0.01,400,10,0.1,128,go2vec,1,2,False,16,True,0.3,sum,True,2,True,max,0.855,True
0.001,0.01,500,10,0.1,128,go2vec,1,2,False,16,True,0.3,sum,True,2,True,max,0.657,True
0.001,0.01,500,10,0.1,128,go2vec,1,2,False,16,False,0.3,sum,True,2,True,max,0.821,True
0.001,0.01,500,10,0.1,128,go2vec,1,0,False,16,False,0.3,sum,True,2,True,max,0.885,True
0.001,0.01,400,10,0.1,128,go2vec,1,0,False,16,False,0.3,sum,True,2,True,max,0.883,True
0.001,0.01,400,10,0.1,128,go2vec,1,0,False,16,False,0.5,sum,True,2,True,max,0.653,True
0.001,0.01,400,10,0.1,128,go2vec,1,0,False,16,False,0.5,mean,True,2,True,max,0.836,True
0.001,0.01,400,10,0.1,128,go2vec,1,0,False,16,False,0.5,mean,True,2,False,max,0.851,True
0.001,0.01,400,10,0.1,128,go2vec,1,0,False,16,False,0.5,mean,False,2,False,max,0.683,True
0.001,0.0001,400,10,0.1,128,go2vec,1,0,False,16,False,0.5,mean,False,2,False,max,0.731,True
0.001,0.0001,400,10,0.1,128,random,1,0,False,16,False,0.5,mean,False,2,False,max,0.58,True
0.001,0.0001,400,10,0.1,128,random,0,0,False,16,False,0.5,mean,False,2,False,max,0.588,True
0.001,0.0001,400,10,0.1,128,random,0,0,cat,16,False,0.5,mean,False,2,False,max,0.604,True
0.001,0.0001,400,10,0.1,128,random,0,0,cat,16,False,0.5,mean,False,3,False,max,0.602,True
0.001,0.01,400,10,0.1,128,random,0,0,cat,16,False,0.5,mean,False,3,False,max,0.645,True
0.001,0.01,400,10,0.1,128,random,0,0,cat,16,False,0.5,mean,False,4,False,max,0.64,True
0.001,0.01,400,10,0.1,128,go2vec,0,0,cat,16,False,0.5,mean,False,4,False,max,0.809,True
0.001,0.01,400,10,0.1,16,go2vec,0,0,cat,16,False,0.5,mean,False,4,False,max,0.795,True
0.001,0.01,400,10,0.1,16,go2vec,0,0,cat,16,True,0.5,mean,False,4,False,max,0.79,True
0.001,0.01,400,10,0.1,16,go2vec,0,0,cat,16,True,0.5,mean,False,3,False,max,0.766,True
0.001,0.01,400,10,0.1,16,go2vec,0,0,cat,16,True,0.5,mean,True,3,False,max,0.852,True
0.001,0.01,400,10,0.1,16,go2vec,1,0,cat,16,True,0.5,mean,True,3,False,max,0.827,False
0.001,0.01,400,10,0.1,16,go2vec,0,0,cat,16,True,0.0,mean,True,3,False,max,0.886,True
0.001,0.01,400,10,0.1,16,go2vec,0,0,cat,32,True,0.0,mean,True,3,False,max,0.878,True
0.001,0.01,400,10,0.1,16,go2vec,1,0,cat,32,True,0.0,mean,True,3,False,max,0.869,True
0.001,0.01,400,10,0.1,16,go2vec,1,0,cat,32,True,0.5,mean,True,3,False,max,0.852,True
0.001,0.001,400,10,0.1,16,go2vec,1,0,cat,32,True,0.5,mean,True,3,False,max,0.867,True
0.001,0.001,400,10,0.1,16,go2vec,1,0,cat,32,False,0.5,mean,True,3,False,max,0.864,True
0.001,0.001,400,10,0.1,16,go2vec,1,0,cat,32,False,0.5,mean,True,3,True,max,0.839,True
0.001,0.0001,400,10,0.1,16,go2vec,1,0,cat,32,False,0.5,mean,True,3,True,max,0.703,True
0.001,0.0001,400,10,0.1,16,go2vec,1,2,cat,32,False,0.5,mean,True,3,True,max,0.707,True
0.001,0.0001,400,10,0.1,16,go2vec,1,2,cat,32,False,0.5,mean,True,3,True,sum,0.78,True
0.001,0.0001,500,10,0.1,16,go2vec,1,2,cat,32,False,0.5,mean,True,3,True,sum,0.831,True
0.001,0.0001,500,10,0.1,16,go2vec,1,2,cat,32,False,0.0,mean,True,3,True,sum,0.905,True
0.001,0.0001,500,10,0.1,16,go2vec,1,2,cat,32,False,0.0,mean,True,4,True,sum,0.901,True
0.001,0.0001,500,10,0.1,16,go2vec,2,2,cat,32,False,0.0,mean,True,4,True,sum,0.905,True
0.001,0.0001,500,10,0.1,16,go2vec,2,2,cat,32,False,0.0,mean,True,4,True,max,0.873,True
0.001,0.0001,500,10,0.1,16,go2vec,2,2,cat,32,True,0.0,mean,True,4,True,max,0.856,True
0.001,0.0001,500,10,0.1,16,go2vec,2,2,cat,32,True,0.0,mean,False,4,True,max,0.885,True
0.001,0.0001,500,10,0.1,16,go2vec,2,2,sum,32,True,0.0,mean,False,4,True,max,0.889,True
0.001,0.0001,500,10,0.1,16,go2vec,2,2,False,32,True,0.0,mean,False,4,True,max,0.885,True
0.001,0.0001,500,10,0.1,16,go2vec,2,2,False,32,True,0.0,mean,False,4,False,max,0.872,True
0.001,0.0001,500,10,0.1,16,go2vec,2,1,False,32,True,0.0,mean,False,4,False,max,0.868,True
0.001,0.0001,500,10,0.1,16,go2vec,2,1,False,32,True,0.0,mean,True,4,False,max,0.849,True
0.001,0.0001,500,10,0.1,16,go2vec,2,2,False,32,True,0.0,mean,True,4,False,max,0.835,True
0.001,0.0001,500,10,0.1,16,go2vec,2,2,False,32,True,0.0,mean,True,4,False,mean,0.81,True
0.001,0.0001,500,10,0.1,16,go2vec,2,2,False,32,True,0.0,mean,False,4,False,mean,0.866,True
0.001,0.0001,500,10,0.1,16,go2vec,1,2,False,32,True,0.0,mean,False,4,False,mean,0.855,True
0.001,0.0001,500,10,0.1,128,go2vec,1,2,False,32,True,0.0,mean,False,4,False,mean,0.819,True
0.001,0.0001,500,10,0.1,128,go2vec,1,2,False,32,True,0.0,mean,False,1,False,mean,0.74,True
0.001,0.0001,500,10,0.1,128,go2vec,0,2,False,32,True,0.0,mean,False,1,False,mean,0.864,True
0.001,0.0001,500,10,0.1,128,go2vec,0,2,False,16,True,0.0,mean,False,1,False,mean,0.831,True
0.001,0.0001,300,10,0.1,128,go2vec,0,2,False,16,True,0.0,mean,False,1,False,mean,0.812,True
0.001,0.0001,300,10,0.1,128,go2vec,0,2,False,16,False,0.0,mean,False,1,False,mean,0.645,False
0.001,0.0001,300,10,0.1,128,go2vec,0,2,False,16,True,0.0,sum,False,1,False,mean,0.793,True
0.001,0.0001,300,10,0.1,128,go2vec,0,2,False,32,True,0.0,sum,False,1,False,mean,0.853,True
0.001,0.0001,300,10,0.1,128,go2vec,0,2,False,32,True,0.0,sum,False,1,True,mean,0.83,True
0.001,0.0001,300,10,0.1,128,go2vec,0,2,False,32,True,0.0,sum,False,1,True,sum,0.752,True
0.001,0.0001,300,10,0.1,128,go2vec,0,2,False,32,True,0.0,mean,False,1,True,sum,0.667,True
0.001,0.0001,300,10,0.1,128,go2vec,2,2,False,32,True,0.0,mean,False,1,True,sum,0.606,True
0.001,0.0001,300,10,0.1,128,go2vec,1,2,False,32,True,0.0,mean,False,1,True,sum,0.712,True
0.001,0.0001,300,10,0.1,128,go2vec,1,2,False,32,True,0.0,mean,False,2,True,sum,0.813,True
0.001,0.0001,300,10,0.1,128,random,1,2,False,32,True,0.0,mean,False,2,True,sum,0.732,True
0.001,0.0001,500,10,0.1,128,random,1,2,False,32,True,0.0,mean,False,2,True,sum,0.686,True
0.001,0.0001,500,10,0.1,128,random,1,2,False,32,True,0.0,sum,False,2,True,sum,0.743,True
0.001,0.0001,500,10,0.1,128,random,1,2,False,32,True,0.0,sum,False,2,True,mean,0.593,False
0.001,0.01,500,10,0.1,128,random,1,2,False,32,True,0.0,sum,False,2,True,sum,0.598,True
0.001,0.001,500,10,0.1,128,random,1,2,False,32,True,0.0,sum,False,2,True,sum,0.672,True
0.001,0.001,500,10,0.1,128,random,2,2,False,32,True,0.0,sum,False,2,True,sum,0.538,True
0.001,0.001,500,10,0.1,128,random,2,2,False,32,True,0.0,sum,False,2,False,sum,0.685,True
0.001,0.01,500,10,0.1,128,random,2,2,False,32,True,0.0,sum,False,2,False,sum,0.743,True
0.001,0.01,500,10,0.1,128,random,2,2,False,32,True,0.0,sum,False,2,True,sum,0.474,True
0.001,0.01,500,10,0.1,128,random,2,2,False,32,True,0.0,mean,False,2,True,sum,0.578,True
0.001,0.01,500,10,0.1,128,random,2,2,False,32,False,0.0,mean,False,2,True,sum,0.889,True
0.001,0.01,500,10,0.1,128,go2vec,2,2,False,32,False,0.0,mean,False,2,True,sum,0.898,True
0.001,0.01,500,10,0.1,128,go2vec,2,2,False,32,False,0.0,mean,False,3,True,sum,0.729,True
0.001,0.01,500,10,0.1,128,go2vec,2,2,False,32,False,0.0,mean,False,3,True,max,0.5,True
0.001,0.01,500,10,0.1,128,go2vec,2,2,False,32,True,0.0,mean,False,3,True,max,0.823,True
0.001,0.001,500,10,0.1,128,go2vec,2,2,False,32,True,0.0,mean,False,3,True,max,0.813,True
0.001,0.001,500,10,0.1,64,go2vec,2,2,False,32,True,0.0,mean,False,3,True,max,0.824,True
0.001,0.001,500,10,0.1,64,go2vec,2,1,False,32,True,0.0,mean,False,3,True,max,0.827,True
0.001,0.001,500,10,0.1,64,go2vec,2,1,False,32,True,0.0,sum,False,3,True,max,0.832,True
0.001,0.001,500,10,0.1,128,go2vec,2,1,False,32,True,0.0,sum,False,3,True,max,0.801,True
0.001,0.001,500,10,0.1,128,go2vec,2,0,False,32,True,0.0,sum,False,3,True,max,0.822,True
0.001,0.001,500,10,0.1,128,go2vec,2,0,False,32,True,0.3,sum,False,3,True,max,0.717,True
0.001,0.001,500,10,0.1,128,go2vec,0,0,False,32,True,0.3,sum,False,3,True,max,0.893,True
0.001,0.001,500,10,0.1,16,go2vec,0,0,False,32,True,0.3,sum,False,3,True,max,0.9,True
0.001,0.001,500,10,0.1,16,go2vec,0,0,sum,32,True,0.3,sum,False,3,True,max,0.893,True
0.001,0.001,500,10,0.1,128,go2vec,0,0,sum,32,True,0.3,sum,False,3,True,max,0.889,True
0.001,0.001,500,10,0.1,128,go2vec,0,0,sum,32,True,0.3,sum,True,3,True,max,0.886,True
0.001,0.001,500,10,0.1,128,random,0,0,sum,32,True,0.3,sum,True,3,True,max,0.629,False
0.001,0.001,300,10,0.1,128,go2vec,0,0,sum,32,True,0.3,sum,True,3,True,max,0.896,True
0.001,0.001,300,10,0.1,128,go2vec,0,0,sum,32,True,0.3,sum,False,3,True,max,0.894,True
0.001,0.01,300,10,0.1,128,go2vec,0,0,sum,32,True,0.3,sum,False,3,True,max,0.893,True
0.001,0.01,300,10,0.1,128,go2vec,0,0,sum,32,True,0.3,mean,False,3,True,max,0.894,True
0.001,0.01,300,10,0.1,128,go2vec,0,0,sum,32,True,0.3,mean,False,3,True,sum,0.897,True
0.001,0.01,300,10,0.1,128,go2vec,0,0,sum,32,True,0.3,sum,False,3,True,sum,0.888,True
0.001,0.01,400,10,0.1,128,go2vec,0,0,sum,32,True,0.3,sum,False,3,True,sum,0.9,True
0.001,0.01,400,10,0.1,128,go2vec,0,0,sum,32,True,0.5,sum,False,3,True,sum,0.885,True
0.001,0.01,400,10,0.1,128,random,0,0,sum,32,True,0.5,sum,False,3,True,sum,0.61,False
0.001,0.01,400,10,0.1,128,go2vec,0,0,sum,32,True,0.5,sum,False,2,True,sum,0.85,True
0.001,0.01,400,10,0.1,128,go2vec,0,0,sum,64,True,0.5,sum,False,2,True,sum,0.736,True
0.001,0.01,400,10,0.1,128,random,0,0,sum,64,True,0.5,sum,False,2,True,sum,0.409,True
0.001,0.01,400,10,0.1,128,random,0,0,sum,64,True,0.5,sum,False,3,True,sum,0.631,True
0.001,0.01,400,10,0.1,128,random,0,0,sum,64,False,0.5,sum,False,3,True,sum,0.538,True
0.001,0.001,400,10,0.1,128,random,0,0,sum,64,False,0.5,sum,False,3,True,sum,0.757,True
0.001,0.001,400,10,0.1,128,random,0,0,sum,64,False,0.5,sum,True,3,True,sum,0.558,True
0.001,0.01,400,10,0.1,128,random,0,0,sum,64,False,0.5,sum,True,3,True,sum,0.684,True
0.001,0.01,400,10,0.1,128,random,0,0,sum,64,False,0.5,sum,True,3,False,sum,0.541,True
0.001,0.01,400,10,0.1,128,random,0,0,sum,32,False,0.5,sum,True,3,False,sum,0.546,True
0.001,0.0001,400,10,0.1,128,random,0,0,sum,32,False,0.5,sum,True,3,False,sum,0.801,True
0.001,0.0001,500,10,0.1,128,random,0,0,sum,32,False,0.5,sum,True,3,False,sum,0.781,True
0.001,0.0001,500,10,0.1,128,random,0,0,sum,32,False,0.5,sum,False,3,False,sum,0.507,True
0.001,0.0001,500,10,0.1,128,go2vec,0,0,sum,32,False,0.5,sum,False,3,False,sum,0.529,True
0.001,0.0001,500,10,0.1,16,go2vec,0,0,sum,32,False,0.5,sum,False,3,False,sum,0.558,True
0.001,0.0001,500,10,0.1,16,go2vec,0,0,sum,32,False,0.5,mean,False,3,False,sum,0.534,True
0.001,0.0001,500,10,0.1,16,go2vec,0,0,sum,32,False,0.5,mean,False,3,False,mean,0.805,True
0.001,0.0001,500,10,0.1,16,go2vec,0,2,sum,32,False,0.5,mean,False,3,False,mean,0.704,True
0.001,0.0001,500,10,0.1,16,go2vec,0,2,sum,32,False,0.5,sum,False,3,False,mean,0.798,True
0.001,0.0001,500,10,0.1,16,go2vec,0,2,sum,32,False,0.5,sum,True,3,False,mean,0.664,True
0.001,0.01,500,10,0.1,16,go2vec,0,2,sum,32,False,0.5,sum,True,3,False,mean,0.907,True
0.001,0.01,500,10,0.1,16,go2vec,0,2,sum,64,False,0.5,sum,True,3,False,mean,0.899,True
0.001,0.01,500,10,0.1,16,go2vec,0,0,sum,64,False,0.5,sum,True,3,False,mean,0.904,True
0.001,0.01,500,10,0.1,16,go2vec,0,0,sum,64,False,0.5,sum,True,4,False,mean,0.908,True
0.001,0.01,500,10,0.1,16,go2vec,0,0,sum,32,False,0.5,sum,True,4,False,mean,0.907,True
0.001,0.01,500,10,0.1,16,go2vec,0,0,sum,32,False,0.5,sum,False,4,False,mean,0.938,True
0.001,0.01,500,10,0.1,32,go2vec,0,0,sum,32,False,0.5,sum,False,4,False,mean,0.943,True
0.001,0.01,500,10,0.1,32,go2vec,0,2,sum,32,False,0.5,sum,False,4,False,mean,0.923,True
0.001,0.0001,500,10,0.1,32,go2vec,0,2,sum,32,False,0.5,sum,False,4,False,mean,0.768,True
0.001,0.0001,500,10,0.1,32,go2vec,0,2,sum,32,False,0.5,sum,False,4,False,max,0.699,True
0.001,0.0001,500,10,0.1,32,go2vec,0,2,sum,32,False,0.5,sum,True,4,False,max,0.777,True
0.001,0.01,500,10,0.1,32,go2vec,0,2,sum,32,False,0.5,sum,True,4,False,max,0.68,False
0.001,0.0001,500,10,0.1,32,go2vec,0,2,sum,32,True,0.5,sum,True,4,False,max,0.776,True
0.001,0.0001,500,10,0.1,32,go2vec,0,2,False,32,True,0.5,sum,True,4,False,max,0.701,True
0.001,0.0001,500,10,0.1,32,go2vec,0,2,False,32,True,0.0,sum,True,4,False,max,0.906,True
0.001,0.0001,500,10,0.1,32,go2vec,0,2,False,32,True,0.0,sum,True,4,True,max,0.888,True
0.001,0.0001,500,10,0.1,32,go2vec,0,2,False,32,True,0.0,sum,True,4,True,sum,0.676,True
0.001,0.0001,500,10,0.1,32,go2vec,0,2,False,32,True,0.0,sum,False,4,True,sum,0.884,True
0.001,0.0001,500,10,0.1,32,go2vec,0,2,False,64,True,0.0,sum,False,4,True,sum,0.876,True
0.001,0.0001,500,10,0.1,32,go2vec,0,2,False,64,True,0.0,sum,False,4,False,sum,0.86,True
0.001,0.0001,500,10,0.1,32,random,0,2,False,64,True,0.0,sum,False,4,False,sum,0.641,True
0.001,0.0001,500,10,0.1,32,random,0,2,False,64,True,0.3,sum,False,4,False,sum,0.338,True
0.001,0.0001,500,10,0.1,32,random,0,2,False,32,True,0.3,sum,False,4,False,sum,0.683,True
0.001,0.0001,500,10,0.1,64,random,0,2,False,32,True,0.3,sum,False,4,False,sum,0.702,True
0.001,0.001,500,10,0.1,64,random,0,2,False,32,True,0.3,sum,False,4,False,sum,0.69,True
0.001,0.001,500,10,0.1,64,random,0,1,False,32,True,0.3,sum,False,4,False,sum,0.425,True
0.001,0.001,500,10,0.1,64,random,2,1,False,32,True,0.3,sum,False,4,False,sum,0.426,True
0.001,0.001,500,10,0.1,64,random,2,1,False,32,True,0.3,mean,False,4,False,sum,0.644,True
0.001,0.001,500,10,0.1,64,go2vec,2,1,False,32,True,0.3,mean,False,4,False,sum,0.844,True
0.001,0.001,500,10,0.1,64,go2vec,2,1,False,32,False,0.3,mean,False,4,False,sum,0.446,True
0.001,0.001,500,10,0.1,64,go2vec,2,1,False,32,False,0.3,sum,False,4,False,sum,0.545,True
0.001,0.001,500,10,0.1,64,go2vec,2,1,False,32,False,0.5,sum,False,4,False,sum,0.502,True
0.001,0.001,500,10,0.1,64,go2vec,2,1,False,32,False,0.0,sum,False,4,False,sum,0.472,True
0.001,0.001,500,10,0.1,64,go2vec,2,1,False,16,False,0.0,sum,False,4,False,sum,0.496,True
0.001,0.001,500,10,0.1,64,random,2,1,False,16,False,0.0,sum,False,4,False,sum,0.532,True
0.001,0.001,400,10,0.1,64,random,2,1,False,16,False,0.0,sum,False,4,False,sum,0.501,True
0.001,0.001,400,10,0.1,64,random,2,2,False,16,False,0.0,sum,False,4,False,sum,0.4,True
0.001,0.001,400,10,0.1,64,random,2,2,False,16,True,0.0,sum,False,4,False,sum,0.698,True
0.001,0.001,400,10,0.1,64,random,2,2,False,16,True,0.3,sum,False,4,False,sum,0.858,True
0.001,0.001,400,10,0.1,64,random,2,2,False,16,True,0.3,mean,False,4,False,sum,0.716,False
0.001,0.001,400,10,0.1,64,random,2,2,sum,16,True,0.3,sum,False,4,False,sum,0.723,True
0.001,0.001,400,10,0.1,64,random,2,2,sum,16,True,0.3,sum,False,4,True,sum,0.817,True
0.001,0.001,400,10,0.1,128,random,2,2,sum,16,True,0.3,sum,False,4,True,sum,0.631,True
0.001,0.001,400,10,0.1,16,random,2,2,sum,16,True,0.3,sum,False,4,True,sum,0.507,True
0.001,0.001,400,10,0.1,16,random,2,2,sum,16,True,0.3,sum,False,4,False,sum,0.684,True
0.001,0.001,400,10,0.1,16,random,2,2,sum,16,True,0.5,sum,False,4,False,sum,0.844,True
0.001,0.001,400,10,0.1,16,random,1,2,sum,16,True,0.5,sum,False,4,False,sum,0.839,True
0.001,0.001,400,10,0.1,16,random,1,2,sum,16,True,0.3,sum,False,4,False,sum,0.739,True
0.001,0.001,400,10,0.1,16,random,1,2,sum,16,True,0.0,sum,False,4,False,sum,0.336,True
0.001,0.001,400,10,0.1,16,random,1,2,sum,16,True,0.0,sum,False,4,True,sum,0.765,True
0.001,0.001,400,10,0.1,16,random,1,2,sum,16,True,0.0,sum,False,3,True,sum,0.429,True
0.001,0.001,400,10,0.1,16,random,1,2,sum,16,True,0.0,sum,False,3,False,sum,0.473,True
0.001,0.001,400,10,0.1,32,random,1,2,sum,16,True,0.0,sum,False,3,False,sum,0.691,True
0.001,0.001,400,10,0.1,32,random,1,2,sum,16,True,0.0,sum,False,3,True,sum,0.596,True
0.001,0.001,400,10,0.1,32,random,1,2,False,16,True,0.0,sum,False,3,True,sum,0.468,False
0.001,0.001,400,10,0.1,32,go2vec,1,2,sum,16,True,0.0,sum,False,3,True,sum,0.86,True
0.001,0.001,400,10,0.1,32,go2vec,1,2,sum,16,True,0.0,sum,False,3,False,sum,0.57,True
0.001,0.001,400,10,0.1,32,go2vec,1,2,sum,16,True,0.0,sum,True,3,False,sum,0.655,True
0.001,0.001,300,10,0.1,32,go2vec,1,2,sum,16,True,0.0,sum,True,3,False,sum,0.654,True
0.001,0.001,300,10,0.1,32,go2vec,1,2,sum,16,True,0.0,sum,True,4,False,sum,0.541,True
0.001,0.001,300,10,0.1,32,go2vec,1,2,sum,16,True,0.0,sum,False,4,False,sum,0.47,True
0.001,0.001,500,10,0.1,32,go2vec,1,2,sum,16,True,0.0,sum,False,4,False,sum,0.801,True
0.001,0.001,500,10,0.1,32,go2vec,2,2,sum,16,True,0.0,sum,False,4,False,sum,0.438,True
0.001,0.001,500,10,0.1,16,go2vec,2,2,sum,16,True,0.0,sum,False,4,False,sum,0.383,True
0.001,0.001,500,10,0.1,16,go2vec,2,2,sum,16,False,0.0,sum,False,4,False,sum,0.525,True
0.001,0.001,500,10,0.1,128,go2vec,2,2,sum,16,False,0.0,sum,False,4,False,sum,0.466,True
0.001,0.001,500,10,0.1,64,go2vec,2,2,sum,16,False,0.0,sum,False,4,False,sum,0.469,True
0.001,0.001,500,10,0.1,64,go2vec,2,1,sum,16,False,0.0,sum,False,4,False,sum,0.447,True
0.001,0.001,500,10,0.1,64,go2vec,2,1,sum,128,False,0.0,sum,False,4,False,sum,0.486,True
0.001,0.001,500,10,0.1,32,go2vec,2,1,sum,128,False,0.0,sum,False,4,False,sum,0.5,True
0.001,0.001,500,10,0.1,32,go2vec,2,0,sum,128,False,0.0,sum,False,4,False,sum,0.484,True
0.001,0.001,500,10,0.1,32,go2vec,2,0,sum,64,False,0.0,sum,False,4,False,sum,0.486,True
0.001,0.001,500,10,0.1,32,go2vec,2,0,sum,64,False,0.0,sum,True,4,False,sum,0.921,True
0.001,0.001,500,10,0.1,32,go2vec,2,0,sum,64,False,0.0,sum,True,4,True,sum,0.913,True
0.001,0.0001,500,10,0.1,32,go2vec,2,0,sum,64,False,0.0,sum,True,4,True,sum,0.91,True
0.001,0.0001,500,10,0.1,64,go2vec,2,0,sum,64,False,0.0,sum,True,4,True,sum,0.911,True
0.001,0.0001,500,10,0.1,64,random,2,0,sum,64,False,0.0,sum,True,4,True,sum,0.905,True
0.001,0.0001,500,10,0.1,128,random,2,0,sum,64,False,0.0,sum,True,4,True,sum,0.906,True
0.001,0.0001,500,10,0.1,128,random,2,0,sum,64,False,0.0,sum,True,4,False,sum,0.906,True
0.001,0.0001,500,10,0.1,128,random,2,0,sum,64,False,0.0,sum,True,3,False,sum,0.901,True
0.001,0.0001,500,10,0.1,128,random,2,0,sum,64,True,0.0,sum,True,3,False,sum,0.762,False
0.001,0.0001,500,10,0.1,128,random,2,0,sum,64,False,0.0,sum,True,3,True,sum,0.901,True
0.001,0.0001,400,10,0.1,128,random,2,0,sum,64,False,0.0,sum,True,3,True,sum,0.899,True
0.001,0.0001,400,10,0.1,128,go2vec,2,0,sum,64,False,0.0,sum,True,3,True,sum,0.905,True
0.001,0.0001,400,10,0.1,64,go2vec,2,0,sum,64,False,0.0,sum,True,3,True,sum,0.908,True
0.001,0.0001,400,10,0.1,64,go2vec,2,0,sum,64,False,0.0,sum,True,3,True,mean,0.892,True
0.001,0.0001,400,10,0.1,64,go2vec,2,0,cat,64,False,0.0,sum,True,3,True,mean,0.903,True
0.001,0.0001,500,10,0.1,64,go2vec,2,0,cat,64,False,0.0,sum,True,3,True,mean,0.906,True
0.001,0.0001,500,10,0.1,64,go2vec,2,0,cat,64,True,0.0,sum,True,3,True,mean,0.791,True
0.001,0.0001,500,10,0.1,64,random,2,0,cat,64,True,0.0,sum,True,3,True,mean,0.576,True
0.001,0.0001,500,10,0.1,64,random,2,0,cat,32,True,0.0,sum,True,3,True,mean,0.555,True
0.001,0.0001,500,10,0.1,128,random,2,0,cat,32,True,0.0,sum,True,3,True,mean,0.501,True
0.001,0.0001,500,10,0.1,128,random,2,0,cat,32,True,0.0,sum,True,2,True,mean,0.501,True
0.001,0.001,500,10,0.1,128,random,2,0,cat,32,True,0.0,sum,True,2,True,mean,0.524,True
0.001,0.001,500,10,0.1,128,random,2,0,cat,32,False,0.0,sum,True,2,True,mean,0.591,True
0.001,0.001,500,10,0.1,128,random,2,0,cat,32,False,0.0,mean,True,2,True,mean,0.631,True
0.001,0.001,500,10,0.1,128,random,2,0,cat,32,False,0.0,mean,True,2,False,mean,0.513,True
0.001,0.001,500,10,0.1,128,random,2,0,cat,32,False,0.0,mean,False,2,False,mean,0.667,True
0.001,0.001,500,10,0.1,16,random,2,0,cat,32,False,0.0,mean,False,2,False,mean,0.745,True
0.001,0.001,500,10,0.1,16,random,2,0,cat,32,False,0.0,mean,True,2,False,mean,0.721,True
0.001,0.001,500,10,0.1,16,random,0,0,cat,32,False,0.0,mean,True,2,False,mean,0.555,False
0.001,0.001,500,10,0.1,16,random,2,0,cat,32,False,0.0,mean,True,2,False,max,0.845,True
0.001,0.001,500,10,0.1,16,go2vec,2,0,cat,32,False,0.0,mean,True,2,False,max,0.901,True
0.001,0.001,500,10,0.1,16,go2vec,2,0,cat,32,False,0.3,mean,True,2,False,max,0.79,True
0.001,0.001,500,10,0.1,16,go2vec,2,0,cat,32,False,0.3,mean,False,2,False,max,0.769,True
0.001,0.001,500,10,0.1,16,go2vec,2,0,cat,32,False,0.3,mean,False,2,True,max,0.683,True
0.001,0.01,500,10,0.1,16,go2vec,2,0,cat,32,False,0.3,mean,False,2,True,max,0.813,True
0.001,0.01,500,10,0.1,16,go2vec,2,0,sum,32,False,0.3,mean,False,2,True,max,0.756,True
0.001,0.01,500,10,0.1,16,go2vec,2,0,sum,32,False,0.3,mean,False,2,True,sum,0.91,True
0.001,0.01,500,10,0.1,16,go2vec,2,0,sum,16,False,0.3,mean,False,2,True,sum,0.898,True
0.001,0.01,500,10,0.1,16,go2vec,2,0,sum,16,False,0.3,mean,True,2,True,sum,0.91,True
0.001,0.01,500,10,0.1,16,go2vec,2,0,sum,16,True,0.3,mean,True,2,True,sum,0.623,False
0.001,0.01,500,10,0.1,16,go2vec,2,0,sum,16,False,0.3,sum,True,2,True,sum,0.913,True
0.001,0.01,500,10,0.1,16,go2vec,2,0,sum,16,False,0.3,sum,True,2,False,sum,0.914,True
0.001,0.0001,500,10,0.1,16,go2vec,2,0,sum,16,False,0.3,sum,True,2,False,sum,0.873,True
0.001,0.0001,500,10,0.1,16,go2vec,2,1,sum,16,False,0.3,sum,True,2,False,sum,0.798,True
0.001,0.0001,500,10,0.1,16,go2vec,2,1,sum,16,False,0.3,sum,True,3,False,sum,0.825,True
0.001,0.0001,500,10,0.1,16,go2vec,2,1,sum,16,False,0.5,sum,True,3,False,sum,0.784,True
0.001,0.0001,500,10,0.1,16,go2vec,2,1,False,16,False,0.5,sum,True,3,False,sum,0.821,True
0.001,0.0001,500,10,0.1,16,go2vec,2,1,False,16,False,0.5,sum,True,4,False,sum,0.845,True
0.001,0.0001,500,10,0.1,16,go2vec,2,1,False,16,False,0.0,sum,True,4,False,sum,0.857,True
0.001,0.0001,500,10,0.1,16,go2vec,2,1,False,16,False,0.0,sum,False,4,False,sum,0.566,True
0.001,0.0001,500,10,0.1,16,go2vec,2,1,False,16,False,0.3,sum,False,4,False,sum,0.502,True
0.001,0.0001,500,10,0.1,16,go2vec,2,1,False,16,False,0.5,sum,False,4,False,sum,0.432,True
0.001,0.0001,500,10,0.1,16,go2vec,2,1,False,16,True,0.5,sum,False,4,False,sum,0.39,True
0.001,0.0001,500,10,0.1,16,go2vec,2,1,False,16,True,0.5,sum,True,4,False,sum,0.73,True
0.001,0.01,500,10,0.1,16,go2vec,2,1,False,16,True,0.5,sum,True,4,False,sum,0.892,True
0.001,0.01,500,10,0.1,16,go2vec,2,1,False,16,True,0.5,sum,True,4,True,sum,0.538,False
0.001,0.01,300,10,0.1,16,go2vec,2,1,False,16,True,0.5,sum,True,4,False,sum,0.558,True
0.001,0.01,300,10,0.1,16,random,2,1,False,16,True,0.5,sum,True,4,False,sum,0.644,True
0.001,0.01,300,10,0.1,16,random,2,1,False,16,True,0.5,sum,True,3,False,sum,0.658,True
0.001,0.01,300,10,0.1,16,go2vec,2,1,False,16,True,0.5,sum,True,3,False,sum,0.542,True
0.001,0.01,300,10,0.1,16,go2vec,2,1,False,16,True,0.0,sum,True,3,False,sum,0.542,True
0.001,0.01,300,10,0.1,16,go2vec,0,1,False,16,True,0.0,sum,True,3,False,sum,0.934,True
0.001,0.01,300,10,0.1,16,go2vec,0,1,False,128,True,0.0,sum,True,3,False,sum,0.935,True
0.001,0.01,300,10,0.1,128,go2vec,0,1,False,128,True,0.0,sum,True,3,False,sum,0.876,False
0.001,0.01,300,10,0.1,16,random,0,1,False,128,True,0.0,sum,True,3,False,sum,0.622,True
0.001,0.01,400,10,0.1,16,random,0,1,False,128,True,0.0,sum,True,3,False,sum,0.762,True
0.001,0.01,400,10,0.1,16,random,0,1,sum,128,True,0.0,sum,True,3,False,sum,0.666,True
0.001,0.01,400,10,0.1,16,random,0,1,sum,128,True,0.0,sum,True,3,False,max,0.552,False
0.001,0.01,400,10,0.1,16,random,0,1,sum,128,True,0.0,sum,True,2,False,sum,0.672,True
0.001,0.01,400,10,0.1,16,random,0,1,sum,128,True,0.0,sum,True,2,False,mean,0.527,True
0.001,0.01,400,10,0.1,16,random,0,1,sum,128,True,0.0,sum,True,2,True,mean,0.566,True
0.001,0.01,400,10,0.1,32,random,0,1,sum,128,True,0.0,sum,True,2,True,mean,0.542,True
0.001,0.01,400,10,0.1,32,random,0,1,sum,128,True,0.0,sum,False,2,True,mean,0.504,True
0.001,0.01,400,10,0.1,32,random,0,0,sum,128,True,0.0,sum,False,2,True,mean,0.534,True
0.001,0.01,300,10,0.1,32,random,0,0,sum,128,True,0.0,sum,False,2,True,mean,0.534,True
0.001,0.01,300,10,0.1,32,random,0,0,sum,128,True,0.0,sum,False,2,True,sum,0.629,True
0.001,0.01,300,10,0.1,32,random,0,1,sum,128,True,0.0,sum,False,2,True,sum,0.474,True
0.001,0.01,300,10,0.1,32,random,2,1,sum,128,True,0.0,sum,False,2,True,sum,0.554,True
0.001,0.01,300,10,0.1,32,random,2,1,sum,128,False,0.0,sum,False,2,True,sum,0.895,True
0.001,0.01,300,10,0.1,32,random,2,1,sum,128,False,0.0,mean,False,2,True,sum,0.89,True
0.001,0.01,300,10,0.1,32,random,2,1,sum,128,False,0.0,mean,False,3,True,sum,0.893,True
0.001,0.01,300,10,0.1,32,random,2,1,sum,128,False,0.3,mean,False,3,True,sum,0.869,True
0.001,0.01,300,10,0.1,32,random,2,1,sum,128,False,0.3,mean,False,3,False,sum,0.485,True
0.001,0.01,300,10,0.1,16,random,2,1,sum,128,False,0.3,mean,False,3,False,sum,0.5,True
0.001,0.01,300,10,0.1,16,random,2,1,False,128,False,0.3,mean,False,3,False,sum,0.502,True
0.001,0.01,300,10,0.1,16,random,2,1,False,128,False,0.3,mean,False,3,False,max,0.629,True
0.001,0.01,300,10,0.1,16,go2vec,2,1,False,128,False,0.3,mean,False,3,False,max,0.729,True
0.001,0.01,300,10,0.1,16,go2vec,2,1,False,128,False,0.3,mean,False,3,False,sum,0.471,False
0.001,0.01,300,10,0.1,16,go2vec,1,1,False,128,False,0.3,mean,False,3,False,max,0.712,True
0.001,0.01,300,10,0.1,16,go2vec,1,1,False,128,False,0.3,mean,False,3,False,sum,0.49,True
0.001,0.01,300,10,0.1,16,go2vec,1,1,False,128,False,0.3,mean,False,3,True,sum,0.808,True
0.001,0.01,300,10,0.1,16,go2vec,1,1,False,128,False,0.3,sum,False,3,True,sum,0.816,True
0.001,0.01,400,10,0.1,16,go2vec,1,1,False,128,False,0.3,sum,False,3,True,sum,0.857,True
0.001,0.01,400,10,0.1,16,go2vec,1,1,False,128,False,0.0,sum,False,3,True,sum,0.875,True
0.001,0.01,400,10,0.1,16,go2vec,1,1,False,128,False,0.0,mean,False,3,True,sum,0.871,True
0.001,0.01,400,10,0.1,16,go2vec,1,1,False,128,False,0.3,mean,False,3,True,sum,0.814,True
0.001,0.01,400,10,0.1,16,go2vec,1,1,False,64,False,0.3,mean,False,3,True,sum,0.87,True
0.001,0.01,300,10,0.1,16,go2vec,1,1,False,64,False,0.3,mean,False,3,True,sum,0.862,True
0.001,0.01,300,10,0.1,16,go2vec,1,1,False,64,False,0.3,mean,False,4,True,sum,0.821,True
0.001,0.01,300,10,0.1,16,random,1,1,False,64,False,0.3,mean,False,4,True,sum,0.844,True
0.001,0.01,300,10,0.1,16,random,1,1,False,32,False,0.3,mean,False,4,True,sum,0.872,True
0.001,0.01,300,10,0.1,16,random,1,1,False,32,False,0.3,mean,False,4,True,mean,0.74,True
0.001,0.01,300,10,0.1,16,random,1,1,False,32,False,0.3,mean,False,4,False,mean,0.839,True
0.001,0.01,300,10,0.1,16,random,1,1,False,32,False,0.3,sum,False,4,False,mean,0.889,True
0.001,0.01,300,10,0.1,16,random,1,1,False,32,False,0.0,sum,False,4,False,mean,0.89,True
0.001,0.01,300,10,0.1,128,random,1,1,False,32,False,0.0,sum,False,4,False,mean,0.861,True
0.001,0.01,300,10,0.1,128,random,0,1,False,32,False,0.0,sum,False,4,False,mean,0.745,True
0.001,0.01,300,10,0.1,128,random,0,1,False,32,False,0.0,sum,False,3,False,mean,0.622,True
0.001,0.01,300,10,0.1,128,random,2,1,False,32,False,0.0,sum,False,3,False,mean,0.858,True
0.001,0.01,300,10,0.1,128,random,1,1,False,32,False,0.0,sum,False,3,False,mean,0.832,True
0.001,0.01,300,10,0.1,128,random,1,1,False,32,False,0.3,sum,False,3,False,mean,0.838,True
0.001,0.01,300,10,0.1,128,random,1,1,False,32,False,0.3,sum,False,2,False,mean,0.582,True
0.001,0.01,300,10,0.1,128,random,1,1,False,32,False,0.3,sum,False,2,True,mean,0.762,True
0.001,0.01,300,10,0.1,128,random,1,1,False,32,False,0.3,sum,False,1,True,mean,0.527,True
0.001,0.01,400,10,0.1,128,random,1,1,False,32,False,0.3,sum,False,1,True,mean,0.456,True
0.001,0.01,400,10,0.1,128,random,1,1,False,32,False,0.3,sum,False,1,True,max,0.464,True
0.001,0.01,400,10,0.1,128,random,1,1,False,32,False,0.3,sum,False,1,False,max,0.659,True
0.001,0.01,400,10,0.1,128,random,2,1,False,32,False,0.3,sum,False,1,False,max,0.475,True
0.001,0.0001,400,10,0.1,128,random,2,1,False,32,False,0.3,sum,False,1,False,max,0.605,True
0.001,0.001,400,10,0.1,128,random,2,1,False,32,False,0.3,sum,False,1,False,max,0.493,True
0.001,0.001,400,10,0.1,16,random,2,1,False,32,False,0.3,sum,False,1,False,max,0.496,True
0.001,0.0001,400,10,0.1,16,random,2,1,False,32,False,0.3,sum,False,1,False,max,0.561,True
0.001,0.0001,400,10,0.1,16,random,2,1,False,32,False,0.0,sum,False,1,False,max,0.611,True
0.001,0.0001,400,10,0.1,16,random,2,1,False,32,True,0.0,sum,False,1,False,max,0.609,True
0.001,0.0001,400,10,0.1,16,random,2,1,False,32,True,0.0,sum,False,1,True,max,0.558,True
0.001,0.0001,400,10,0.1,16,random,2,1,False,32,True,0.0,sum,True,1,True,max,0.493,True
0.001,0.0001,400,10,0.1,16,random,2,1,False,32,False,0.0,sum,True,1,True,max,0.682,True
0.001,0.0001,500,10,0.1,16,random,2,1,False,32,False,0.0,sum,True,1,True,max,0.736,True
0.001,0.0001,500,10,0.1,16,random,2,1,False,32,False,0.3,sum,True,1,True,max,0.471,False
0.001,0.001,500,10,0.1,16,random,2,1,False,32,False,0.0,sum,True,1,True,max,0.643,False
0.001,0.0001,500,10,0.1,16,random,2,1,False,32,False,0.0,sum,False,1,True,max,0.627,False
0.001,0.0001,500,10,0.1,32,random,2,1,False,32,False,0.0,sum,True,1,True,max,0.729,True
0.001,0.0001,500,10,0.1,32,random,2,2,False,32,False,0.0,sum,True,1,True,max,0.67,True
0.001,0.0001,500,10,0.1,32,random,1,2,False,32,False,0.0,sum,True,1,True,max,0.763,True
0.001,0.001,500,10,0.1,32,random,1,2,False,32,False,0.0,sum,True,1,True,max,0.544,False
0.001,0.0001,500,10,0.1,64,random,1,2,False,32,False,0.0,sum,True,1,True,max,0.699,True
0.001,0.0001,500,10,0.1,64,random,1,2,False,64,False,0.0,sum,True,1,True,max,0.589,True
0.001,0.001,500,10,0.1,64,random,1,2,False,64,False,0.0,sum,True,1,True,max,0.611,True
0.001,0.001,500,10,0.1,64,random,1,2,False,64,False,0.3,sum,True,1,True,max,0.484,True
0.001,0.001,500,10,0.1,64,random,1,2,False,64,False,0.3,sum,True,1,False,max,0.649,True
0.001,0.001,500,10,0.1,64,random,1,2,False,64,False,0.3,sum,False,1,False,max,0.713,True
0.001,0.001,500,10,0.1,64,random,1,2,False,64,False,0.3,sum,False,1,False,sum,0.63,True
0.001,0.001,500,10,0.1,64,random,1,2,False,128,False,0.3,sum,False,1,False,sum,0.729,True
0.001,0.001,500,10,0.1,64,random,1,2,False,16,False,0.3,sum,False,1,False,sum,0.666,True
0.001,0.001,500,10,0.1,64,random,1,2,False,16,False,0.3,sum,True,1,False,sum,0.576,True
0.001,0.01,500,10,0.1,64,random,1,2,False,16,False,0.3,sum,True,1,False,sum,0.505,True
0.001,0.01,500,10,0.1,64,random,1,2,False,16,False,0.3,sum,True,2,False,sum,0.883,True
0.001,0.01,500,10,0.1,64,random,1,2,False,16,False,0.3,sum,False,2,False,sum,0.559,True
0.001,0.01,500,10,0.1,32,random,1,2,False,16,False,0.3,sum,False,2,False,sum,0.776,True
0.001,0.01,500,10,0.1,32,random,1,2,False,16,False,0.3,sum,False,2,False,max,0.593,False
0.001,0.01,500,10,0.1,32,random,1,2,cat,16,False,0.3,sum,False,2,False,sum,0.879,True
0.001,0.01,500,10,0.1,32,random,1,2,cat,16,True,0.3,sum,False,2,False,sum,0.657,False
0.001,0.01,500,10,0.1,32,random,1,2,cat,16,False,0.0,sum,False,2,False,sum,0.723,False
0.001,0.01,300,10,0.1,32,random,1,2,cat,16,False,0.3,sum,False,2,False,sum,0.869,True
0.001,0.01,300,10,0.1,32,random,1,2,cat,16,False,0.3,sum,False,2,True,sum,0.869,True
0.001,0.01,300,10,0.1,32,random,2,2,cat,16,False,0.3,sum,False,2,True,sum,0.877,True
0.001,0.01,300,10,0.1,32,random,2,2,cat,16,False,0.3,sum,False,3,True,sum,0.868,True
0.001,0.01,300,10,0.1,32,random,2,2,cat,16,False,0.5,sum,False,3,True,sum,0.813,True
0.001,0.01,300,10,0.1,32,random,2,2,cat,16,False,0.5,sum,False,3,True,mean,0.79,True
0.001,0.01,300,10,0.1,32,random,2,2,cat,16,False,0.0,sum,False,3,True,mean,0.832,True
0.001,0.01,400,10,0.1,32,random,2,2,cat,16,False,0.0,sum,False,3,True,mean,0.813,True
0.001,0.01,400,10,0.1,32,random,2,2,cat,16,False,0.0,sum,False,3,False,mean,0.829,True
0.001,0.01,400,10,0.1,32,random,2,2,cat,16,False,0.0,mean,False,3,False,mean,0.839,True
0.001,0.01,400,10,0.1,32,random,2,2,cat,16,False,0.0,mean,False,3,True,mean,0.813,True
0.001,0.01,400,10,0.1,32,random,2,2,cat,16,False,0.0,mean,True,3,True,mean,0.669,False
0.001,0.01,400,10,0.1,32,random,2,2,cat,32,False,0.0,mean,False,3,True,mean,0.745,True
0.001,0.01,400,10,0.1,32,random,2,2,cat,32,False,0.0,sum,False,3,True,mean,0.809,True
0.001,0.01,400,10,0.1,32,random,2,2,cat,32,False,0.0,sum,True,3,True,mean,0.733,True
0.001,0.01,500,10,0.1,32,random,2,2,cat,32,False,0.0,sum,True,3,True,mean,0.825,True
0.001,0.01,500,10,0.1,32,random,2,2,cat,32,False,0.0,sum,False,3,True,mean,0.775,True
0.001,0.01,500,10,0.1,32,random,2,2,cat,32,False,0.0,mean,False,3,True,mean,0.571,True
0.001,0.01,500,10,0.1,32,random,2,1,cat,32,False,0.0,mean,False,3,True,mean,0.795,True
0.001,0.01,500,10,0.1,32,random,2,1,cat,32,False,0.0,mean,False,4,True,mean,0.816,True
0.001,0.01,500,10,0.1,32,random,2,1,cat,16,False,0.0,mean,False,4,True,mean,0.823,True
0.001,0.01,500,10,0.1,32,go2vec,2,1,cat,16,False,0.0,mean,False,4,True,mean,0.89,True
0.001,0.01,500,10,0.1,32,go2vec,2,1,cat,16,False,0.0,sum,False,4,True,mean,0.902,True
0.001,0.01,500,10,0.1,32,go2vec,1,1,cat,16,False,0.0,sum,False,4,True,mean,0.893,True
0.001,0.01,400,10,0.1,32,go2vec,1,1,cat,16,False,0.0,sum,False,4,True,mean,0.902,True
0.001,0.01,400,10,0.1,32,random,1,1,cat,16,False,0.0,sum,False,4,True,mean,0.829,True
0.001,0.01,400,10,0.1,32,random,1,1,cat,16,False,0.0,sum,True,4,True,mean,0.805,False
0.001,0.001,400,10,0.1,32,random,1,1,cat,16,False,0.0,sum,False,4,True,mean,0.808,True
0.001,0.001,400,10,0.1,32,random,1,1,cat,16,True,0.0,sum,False,4,True,mean,0.687,False
0.001,0.001,400,10,0.1,32,random,1,1,cat,16,False,0.0,sum,False,1,True,mean,0.493,False
0.001,0.001,400,10,0.1,32,random,1,1,cat,16,False,0.0,sum,False,4,False,mean,0.86,True
0.001,0.001,400,10,0.1,32,random,1,1,sum,16,False,0.0,sum,False,4,False,mean,0.825,True
0.001,0.001,400,10,0.1,32,random,1,1,sum,16,False,0.3,sum,False,4,False,mean,0.82,True
0.001,0.001,400,10,0.1,32,random,1,1,sum,16,False,0.3,sum,False,4,False,max,0.526,True
0.001,0.001,400,10,0.1,64,random,1,1,sum,16,False,0.3,sum,False,4,False,max,0.559,True
0.001,0.001,400,10,0.1,64,random,1,2,sum,16,False,0.3,sum,False,4,False,max,0.669,True
0.001,0.001,400,10,0.1,64,random,1,2,sum,16,False,0.3,mean,False,4,False,max,0.601,True
0.001,0.001,500,10,0.1,64,random,1,2,sum,16,False,0.3,mean,False,4,False,max,0.628,True
0.001,0.001,500,10,0.1,128,random,1,2,sum,16,False,0.3,mean,False,4,False,max,0.589,False
0.001,0.001,500,10,0.1,64,random,1,2,cat,16,False,0.3,mean,False,4,False,max,0.525,True
0.001,0.001,500,10,0.1,64,random,1,2,False,16,False,0.3,mean,False,4,False,max,0.458,True
0.001,0.001,500,10,0.1,64,random,2,2,False,16,False,0.3,mean,False,4,False,max,0.448,True
0.001,0.0001,500,10,0.1,64,random,2,2,False,16,False,0.3,mean,False,4,False,max,0.558,True
0.001,0.0001,500,10,0.1,64,random,2,2,False,16,False,0.3,mean,True,4,False,max,0.649,True
0.001,0.0001,500,10,0.1,64,random,2,2,False,16,True,0.3,mean,True,4,False,max,0.768,True
0.001,0.0001,500,10,0.1,128,random,2,2,False,16,True,0.3,mean,True,4,False,max,0.748,False
0.001,0.0001,500,10,0.1,64,random,2,2,False,16,True,0.3,mean,True,4,False,sum,0.838,True
0.001,0.0001,500,10,0.1,64,random,2,2,False,16,False,0.3,mean,True,4,False,sum,0.737,True
0.001,0.0001,500,10,0.1,128,random,2,2,False,16,False,0.3,mean,True,4,False,sum,0.705,True
0.001,0.0001,500,10,0.1,128,random,2,2,False,32,False,0.3,mean,True,4,False,sum,0.853,True
0.001,0.0001,500,10,0.1,128,random,2,2,False,32,False,0.3,mean,False,4,False,sum,0.529,False
0.001,0.001,500,10,0.1,128,random,2,2,False,32,False,0.3,mean,True,4,False,sum,0.92,True
0.001,0.001,500,10,0.1,128,random,2,2,False,32,False,0.0,mean,True,4,False,sum,0.921,True
0.001,0.001,500,10,0.1,128,random,1,2,False,32,False,0.0,mean,True,4,False,sum,0.919,True
0.001,0.001,500,10,0.1,128,random,1,1,False,32,False,0.0,mean,True,4,False,sum,0.92,True
0.001,0.001,500,10,0.1,128,random,1,1,False,32,False,0.0,mean,True,4,False,mean,0.729,True
0.001,0.001,500,10,0.1,128,random,1,1,False,32,False,0.3,mean,True,4,False,mean,0.833,True
0.001,0.001,500,10,0.1,128,random,1,1,False,32,False,0.3,mean,True,3,False,mean,0.702,True
0.001,0.001,500,10,0.1,128,random,1,1,False,64,False,0.3,mean,True,3,False,mean,0.708,True
0.001,0.001,500,10,0.1,128,random,1,1,False,64,True,0.3,mean,True,3,False,mean,0.631,True
0.001,0.001,500,10,0.1,64,random,1,1,False,64,True,0.3,mean,True,3,False,mean,0.573,True
0.001,0.001,400,10,0.1,64,random,1,1,False,64,True,0.3,mean,True,3,False,mean,0.571,True
0.001,0.001,400,10,0.1,64,random,1,1,False,64,False,0.3,mean,True,3,False,mean,0.73,True
0.001,0.001,400,10,0.1,64,random,1,1,False,64,False,0.3,mean,True,3,False,sum,0.928,True
0.001,0.001,400,10,0.1,64,random,1,1,False,32,False,0.3,mean,True,3,False,sum,0.92,True
0.001,0.001,300,10,0.1,64,random,1,1,False,32,False,0.3,mean,True,3,False,sum,0.915,True
0.001,0.001,300,10,0.1,64,random,0,1,False,32,False,0.3,mean,True,3,False,sum,0.795,True
0.001,0.001,300,10,0.1,64,random,0,1,False,32,False,0.3,mean,True,4,False,sum,0.625,False
0.001,0.001,300,10,0.1,64,random,0,1,cat,32,False,0.3,mean,True,3,False,sum,0.824,True
0.001,0.001,300,10,0.1,64,random,0,1,cat,32,False,0.3,mean,True,3,True,sum,0.589,True
0.001,0.001,300,10,0.1,64,go2vec,0,1,cat,32,False,0.3,mean,True,3,True,sum,0.887,True
0.001,0.001,300,10,0.1,64,go2vec,0,1,cat,32,False,0.3,mean,True,3,True,max,0.897,True
0.001,0.001,300,10,0.1,64,go2vec,0,1,cat,32,True,0.3,mean,True,3,True,max,0.898,True
0.001,0.001,500,10,0.1,64,go2vec,0,1,cat,32,True,0.3,mean,True,3,True,max,0.889,True
0.001,0.001,500,10,0.1,64,random,0,1,cat,32,True,0.3,mean,True,3,True,max,0.832,True
0.001,0.001,500,10,0.1,64,random,0,1,cat,32,False,0.3,mean,True,3,True,max,0.844,True
0.001,0.001,500,10,0.1,64,random,0,1,cat,64,False,0.3,mean,True,3,True,max,0.838,True
0.001,0.001,500,10,0.1,64,random,0,1,False,64,False,0.3,mean,True,3,True,max,0.818,False
0.001,0.001,500,10,0.1,128,random,0,1,cat,64,False,0.3,mean,True,3,True,max,0.789,True
0.001,0.001,500,10,0.1,128,random,0,1,cat,64,False,0.0,mean,True,3,True,max,0.745,True
0.001,0.001,500,10,0.1,128,random,0,1,cat,64,True,0.0,mean,True,3,True,max,0.678,True
0.001,0.001,500,10,0.1,128,random,0,1,cat,64,True,0.0,mean,False,3,True,max,0.641,False
0.001,0.01,500,10,0.1,128,random,0,1,cat,64,True,0.0,mean,True,3,True,max,0.596,False
0.001,0.001,500,10,0.1,128,random,0,1,cat,64,True,0.0,sum,True,3,True,max,0.631,True
0.001,0.001,500,10,0.1,128,random,0,1,cat,64,True,0.0,sum,True,2,True,max,0.664,True
0.001,0.001,500,10,0.1,128,random,2,1,cat,64,True,0.0,sum,True,2,True,max,0.62,True
0.001,0.001,500,10,0.1,128,random,2,1,cat,64,True,0.3,sum,True,2,True,max,0.628,True
0.001,0.001,500,10,0.1,128,random,2,1,cat,64,True,0.3,sum,True,1,True,max,0.569,True
0.001,0.001,400,10,0.1,128,random,2,1,cat,64,True,0.3,sum,True,1,True,max,0.62,True
0.001,0.001,400,10,0.1,128,random,2,1,cat,64,True,0.5,sum,True,1,True,max,0.61,True
0.001,0.001,400,10,0.1,128,go2vec,2,1,cat,64,True,0.5,sum,True,1,True,max,0.586,True
0.001,0.001,400,10,0.1,128,go2vec,2,1,cat,64,True,0.5,mean,True,1,True,max,0.544,True
0.001,0.001,500,10,0.1,128,go2vec,2,1,cat,64,True,0.5,mean,True,1,True,max,0.566,True
0.001,0.001,500,10,0.1,128,go2vec,2,1,cat,64,True,0.5,sum,True,1,True,max,0.472,True
0.001,0.001,500,10,0.1,128,go2vec,0,1,cat,64,True,0.5,sum,True,1,True,max,0.868,True
0.001,0.001,400,10,0.1,128,go2vec,0,1,cat,64,True,0.5,sum,True,1,True,max,0.87,True
0.001,0.001,400,10,0.1,128,go2vec,0,1,cat,32,True,0.5,sum,True,1,True,max,0.862,True
0.001,0.001,400,10,0.1,128,go2vec,0,1,cat,32,True,0.5,sum,True,1,True,sum,0.714,True
0.001,0.001,400,10,0.1,64,go2vec,0,1,cat,32,True,0.5,sum,True,1,True,sum,0.713,True
0.001,0.001,400,10,0.1,64,go2vec,0,1,cat,16,True,0.5,sum,True,1,True,sum,0.617,True
0.001,0.0001,400,10,0.1,64,go2vec,0,1,cat,16,True,0.5,sum,True,1,True,sum,0.779,True
0.001,0.0001,400,10,0.1,64,go2vec,0,1,cat,16,False,0.5,sum,True,1,True,sum,0.784,True
0.001,0.0001,400,10,0.1,64,go2vec,0,0,cat,16,False,0.5,sum,True,1,True,sum,0.824,True
0.001,0.0001,400,10,0.1,64,go2vec,0,0,cat,16,False,0.5,mean,True,1,True,sum,0.773,True
0.001,0.0001,400,10,0.1,32,go2vec,0,0,cat,16,False,0.5,mean,True,1,True,sum,0.803,True
0.001,0.0001,400,10,0.1,32,random,0,0,cat,16,False,0.5,mean,True,1,True,sum,0.575,False
0.001,0.0001,400,10,0.1,32,go2vec,0,0,cat,16,False,0.5,mean,True,1,False,sum,0.819,True
0.001,0.0001,400,10,0.1,32,random,0,0,cat,16,False,0.5,mean,True,1,False,sum,0.594,False
0.001,0.0001,400,10,0.1,32,go2vec,0,0,cat,16,False,0.5,mean,True,1,False,mean,0.815,True
0.001,0.0001,400,10,0.1,32,go2vec,0,0,cat,16,False,0.5,mean,False,1,False,mean,0.709,True
0.001,0.0001,400,10,0.1,32,random,0,0,cat,16,False,0.5,mean,False,1,False,mean,0.516,True
0.001,0.0001,300,10,0.1,32,random,0,0,cat,16,False,0.5,mean,False,1,False,mean,0.502,True
0.001,0.0001,300,10,0.1,32,random,0,1,cat,16,False,0.5,mean,False,1,False,mean,0.505,True
0.001,0.0001,300,10,0.1,32,random,0,1,cat,16,False,0.5,mean,False,1,False,sum,0.52,True
0.001,0.0001,300,10,0.1,64,random,0,1,cat,16,False,0.5,mean,False,1,False,sum,0.556,True
0.001,0.0001,300,10,0.1,64,random,0,1,cat,128,False,0.5,mean,False,1,False,sum,0.463,True
0.001,0.0001,300,10,0.1,64,random,2,1,cat,128,False,0.5,mean,False,1,False,sum,0.745,True
0.001,0.0001,300,10,0.1,64,random,2,1,cat,128,False,0.3,mean,False,1,False,sum,0.713,True
0.001,0.0001,300,10,0.1,64,random,2,1,cat,128,False,0.3,sum,False,1,False,sum,0.755,True
0.001,0.0001,300,10,0.1,64,random,2,1,cat,128,False,0.3,sum,False,1,False,mean,0.588,False
0.001,0.001,300,10,0.1,64,random,2,1,cat,128,False,0.3,sum,False,1,False,sum,0.763,True
0.001,0.001,300,10,0.1,64,random,1,1,cat,128,False,0.3,sum,False,1,False,sum,0.723,True
0.001,0.001,500,10,0.1,64,random,1,1,cat,128,False,0.3,sum,False,1,False,sum,0.67,True
0.001,0.001,500,10,0.1,64,random,2,1,cat,128,False,0.3,sum,False,1,False,sum,0.669,True
0.001,0.001,500,10,0.1,64,random,2,1,False,128,False,0.3,sum,False,1,False,sum,0.61,True
0.001,0.001,500,10,0.1,64,go2vec,2,1,False,128,False,0.3,sum,False,1,False,sum,0.816,True
0.001,0.001,500,10,0.1,64,go2vec,2,1,False,16,False,0.3,sum,False,1,False,sum,0.849,True
0.001,0.001,500,10,0.1,64,random,2,1,False,16,False,0.3,sum,False,1,False,sum,0.738,False
0.001,0.001,500,10,0.1,128,go2vec,2,1,False,16,False,0.3,sum,False,1,False,sum,0.696,True
0.001,0.001,500,10,0.1,128,go2vec,2,1,False,16,True,0.3,sum,False,1,False,sum,0.693,True
0.001,0.001,500,10,0.1,16,go2vec,2,1,False,16,True,0.3,sum,False,1,False,sum,0.662,True
0.001,0.001,500,10,0.1,16,go2vec,2,1,False,16,True,0.3,sum,True,1,False,sum,0.672,True
0.001,0.001,500,10,0.1,16,go2vec,2,1,cat,16,True,0.3,sum,True,1,False,sum,0.837,True
0.001,0.001,300,10,0.1,16,go2vec,2,1,cat,16,True,0.3,sum,True,1,False,sum,0.781,True
0.001,0.001,300,10,0.1,16,go2vec,2,1,cat,16,True,0.0,sum,True,1,False,sum,0.633,True
0.001,0.001,500,10,0.1,16,go2vec,2,1,cat,16,True,0.0,sum,True,1,False,sum,0.641,True
0.001,0.001,500,10,0.1,32,go2vec,2,1,cat,16,True,0.0,sum,True,1,False,sum,0.652,True
0.001,0.0001,500,10,0.1,32,go2vec,2,1,cat,16,True,0.0,sum,True,1,False,sum,0.776,True
0.001,0.0001,500,10,0.1,32,go2vec,2,1,cat,16,True,0.0,mean,True,1,False,sum,0.723,False
0.001,0.0001,500,10,0.1,32,go2vec,2,1,cat,16,True,0.0,mean,True,1,False,sum,0.764,True
0.001,0.0001,500,10,0.1,32,go2vec,2,1,cat,16,False,0.0,mean,True,1,False,sum,0.778,True
0.001,0.0001,500,10,0.1,32,go2vec,2,1,cat,16,False,0.0,mean,True,4,False,sum,0.867,True
0.001,0.0001,500,10,0.1,32,random,2,1,cat,16,False,0.0,mean,True,4,False,sum,0.856,True
0.001,0.0001,500,10,0.1,32,random,2,0,cat,16,False,0.0,mean,True,4,False,sum,0.899,True
0.001,0.0001,300,10,0.1,32,random,2,0,cat,16,False,0.0,mean,True,4,False,sum,0.892,True
0.001,0.0001,300,10,0.1,16,random,2,0,cat,16,False,0.0,mean,True,4,False,sum,0.893,True
0.001,0.0001,300,10,0.1,16,random,2,0,cat,16,False,0.0,mean,True,4,False,max,0.779,True
0.001,0.0001,300,10,0.1,16,random,2,2,cat,16,False,0.0,mean,True,4,False,max,0.603,False
0.001,0.0001,300,10,0.1,16,random,2,0,cat,16,True,0.0,mean,True,4,False,max,0.832,True
0.001,0.0001,300,10,0.1,16,random,1,0,cat,16,True,0.0,mean,True,4,False,max,0.836,True
0.001,0.0001,300,10,0.1,16,random,1,0,cat,16,False,0.0,mean,True,4,False,max,0.809,False
0.001,0.0001,300,10,0.1,16,random,1,0,cat,16,True,0.0,mean,True,1,False,max,0.654,False
0.001,0.0001,300,10,0.1,128,random,1,0,cat,16,True,0.0,mean,True,4,False,max,0.804,True
0.001,0.0001,300,10,0.1,128,random,1,0,cat,16,False,0.0,mean,True,4,False,max,0.789,True
0.001,0.0001,300,10,0.1,128,random,2,0,cat,16,False,0.0,mean,True,4,False,max,0.766,True
0.001,0.0001,300,10,0.1,128,random,2,1,cat,16,False,0.0,mean,True,4,False,max,0.638,True
0.001,0.0001,300,10,0.1,128,go2vec,2,1,cat,16,False,0.0,mean,True,4,False,max,0.728,True
0.001,0.0001,300,10,0.1,128,go2vec,2,0,cat,16,False,0.0,mean,True,4,False,max,0.868,True
0.001,0.0001,300,10,0.1,128,go2vec,2,0,cat,16,True,0.0,mean,True,4,False,max,0.845,True
0.001,0.0001,300,10,0.1,128,go2vec,2,0,cat,16,True,0.0,mean,True,1,False,max,0.778,False
0.001,0.0001,300,10,0.1,128,go2vec,2,0,sum,16,True,0.0,mean,True,4,False,max,0.834,True
0.001,0.0001,300,10,0.1,128,go2vec,2,0,sum,16,True,0.0,mean,True,4,False,sum,0.651,True
0.001,0.0001,300,10,0.1,128,go2vec,2,0,sum,16,True,0.0,mean,True,3,False,sum,0.864,True
0.001,0.0001,300,10,0.1,128,go2vec,1,0,sum,16,True,0.0,mean,True,3,False,sum,0.868,True
0.001,0.0001,300,10,0.1,16,go2vec,1,0,sum,16,True,0.0,mean,True,3,False,sum,0.863,True
0.001,0.0001,300,10,0.1,16,go2vec,1,0,sum,16,True,0.0,mean,False,3,False,sum,0.399,False
0.001,0.001,300,10,0.1,16,go2vec,1,0,sum,16,True,0.0,mean,True,3,False,sum,0.711,True
0.001,0.001,400,10,0.1,16,go2vec,1,0,sum,16,True,0.0,mean,True,3,False,sum,0.742,True
0.001,0.001,400,10,0.1,16,go2vec,2,0,sum,16,True,0.0,mean,True,3,False,sum,0.844,True
0.001,0.001,400,10,0.1,16,go2vec,2,0,sum,16,True,0.0,mean,False,3,False,sum,0.445,False
0.001,0.001,400,10,0.1,16,random,2,0,sum,16,True,0.0,mean,True,3,False,sum,0.851,True
0.001,0.001,400,10,0.1,16,random,2,0,sum,16,False,0.0,mean,True,3,False,sum,0.901,True
0.001,0.001,400,10,0.1,16,random,2,2,sum,16,False,0.0,mean,True,3,False,sum,0.909,True
0.001,0.001,400,10,0.1,128,random,2,2,sum,16,False,0.0,mean,True,3,False,sum,0.91,True
0.001,0.001,400,10,0.1,128,random,2,2,sum,16,False,0.0,sum,True,3,False,sum,0.916,True
0.001,0.001,400,10,0.1,128,random,2,2,sum,16,False,0.0,sum,False,3,False,sum,0.459,False
0.001,0.001,400,10,0.1,128,random,2,2,cat,16,False,0.0,sum,True,3,False,sum,0.921,True
0.001,0.001,400,10,0.1,128,random,2,2,cat,16,True,0.0,sum,True,3,False,sum,0.756,False
0.001,0.001,400,10,0.1,128,random,2,2,cat,16,False,0.0,mean,True,3,False,sum,0.915,True
0.001,0.001,400,10,0.1,128,random,2,2,cat,16,False,0.0,mean,True,3,False,max,0.579,False
0.001,0.001,400,10,0.1,128,random,2,2,cat,16,False,0.0,mean,True,3,False,max,0.592,True
0.001,0.001,400,10,0.1,128,random,2,1,cat,16,False,0.0,mean,True,3,False,max,0.639,True
0.001,0.001,400,10,0.1,128,random,0,1,cat,16,False,0.0,mean,True,3,False,max,0.725,True
0.001,0.001,400,10,0.1,128,random,0,1,cat,16,True,0.0,mean,True,3,False,max,0.744,True
0.001,0.001,400,10,0.1,128,random,0,1,sum,16,True,0.0,mean,True,3,False,max,0.732,True
0.001,0.001,400,10,0.1,128,random,2,1,sum,16,True,0.0,mean,True,3,False,max,0.658,True
0.001,0.001,400,10,0.1,64,random,2,1,sum,16,True,0.0,mean,True,3,False,max,0.691,True
0.001,0.001,400,10,0.1,64,random,2,1,sum,16,True,0.0,mean,True,3,True,max,0.664,True
0.001,0.001,400,10,0.1,64,go2vec,2,1,sum,16,True,0.0,mean,True,3,True,max,0.774,True
0.001,0.001,400,10,0.1,64,go2vec,0,1,sum,16,True,0.0,mean,True,3,True,max,0.877,True
0.001,0.001,400,10,0.1,64,random,0,1,sum,16,True,0.0,mean,True,3,True,max,0.774,True
0.001,0.001,400,10,0.1,64,random,0,1,sum,16,True,0.0,mean,True,4,True,max,0.78,True
0.001,0.001,400,10,0.1,64,random,0,1,sum,16,False,0.0,mean,True,4,True,max,0.799,True
0.001,0.001,300,10,0.1,64,random,0,1,sum,16,False,0.0,mean,True,4,True,max,0.824,True
0.001,0.001,300,10,0.1,64,random,0,1,cat,16,False,0.0,mean,True,4,True,max,0.835,True
0.001,0.001,300,10,0.1,64,random,0,1,cat,16,False,0.0,mean,True,4,False,max,0.813,True
0.001,0.001,300,10,0.1,128,random,0,1,cat,16,False,0.0,mean,True,4,False,max,0.723,True
0.001,0.001,300,10,0.1,128,random,0,1,cat,16,False,0.3,mean,True,4,False,max,0.78,True
0.001,0.001,300,10,0.1,128,random,0,1,cat,16,False,0.3,mean,True,4,True,max,0.835,True
0.001,0.001,300,10,0.1,128,random,0,1,cat,16,False,0.3,mean,True,4,True,mean,0.483,True
0.001,0.001,300,10,0.1,128,random,0,1,cat,16,False,0.3,mean,True,3,True,mean,0.553,True
0.001,0.001,300,10,0.1,128,random,0,1,cat,16,False,0.3,sum,True,3,True,mean,0.524,True
0.001,0.001,300,10,0.1,128,go2vec,0,1,cat,16,False,0.3,sum,True,3,True,mean,0.887,True
0.001,0.001,300,10,0.1,128,go2vec,0,1,cat,16,False,0.3,sum,True,3,False,mean,0.881,True
0.001,0.001,300,10,0.1,16,go2vec,0,1,cat,16,False,0.3,sum,True,3,False,mean,0.903,True
0.001,0.001,500,10,0.1,16,go2vec,0,1,cat,16,False,0.3,sum,True,3,False,mean,0.915,True
0.001,0.001,500,10,0.1,16,go2vec,0,1,cat,16,False,0.5,sum,True,3,False,mean,0.899,True
0.001,0.001,500,10,0.1,128,go2vec,0,1,cat,16,False,0.5,sum,True,3,False,mean,0.88,True
0.001,0.001,500,10,0.1,128,go2vec,0,1,cat,16,False,0.3,sum,True,3,False,mean,0.896,True
0.001,0.001,500,10,0.1,128,go2vec,0,1,cat,32,False,0.3,sum,True,3,False,mean,0.893,True
0.001,0.001,500,10,0.1,128,go2vec,0,1,cat,32,False,0.3,sum,True,3,True,mean,0.872,True
0.001,0.001,500,10,0.1,128,go2vec,0,1,cat,32,False,0.0,sum,True,3,True,mean,0.86,True
0.001,0.001,500,10,0.1,128,go2vec,0,1,cat,32,False,0.0,sum,True,3,False,mean,0.88,True
0.001,0.001,500,10,0.1,64,go2vec,0,1,cat,32,False,0.0,sum,True,3,False,mean,0.895,True
0.001,0.001,500,10,0.1,64,go2vec,0,1,cat,32,False,0.0,sum,True,2,False,mean,0.881,True
0.001,0.001,500,10,0.1,64,go2vec,0,1,cat,32,True,0.0,sum,True,2,False,mean,0.897,True
0.001,0.001,500,10,0.1,64,go2vec,0,1,cat,32,True,0.0,sum,False,2,False,mean,0.922,True
0.001,0.001,500,10,0.1,128,go2vec,0,1,cat,32,True,0.0,sum,False,2,False,mean,0.916,True
0.001,0.001,500,10,0.1,128,random,0,1,cat,32,True,0.0,sum,False,2,False,mean,0.554,False
0.001,0.001,500,10,0.1,128,go2vec,0,1,cat,32,True,0.0,sum,False,2,True,mean,0.843,True
0.001,0.0001,500,10,0.1,128,go2vec,0,1,cat,32,True,0.0,sum,False,2,True,mean,0.892,True
0.001,0.0001,300,10,0.1,128,go2vec,0,1,cat,32,True,0.0,sum,False,2,True,mean,0.891,True
0.001,0.0001,300,10,0.1,128,go2vec,1,1,cat,32,True,0.0,sum,False,2,True,mean,0.798,True
0.001,0.0001,300,10,0.1,128,go2vec,1,1,cat,32,True,0.5,sum,False,2,True,mean,0.72,True
0.001,0.0001,300,10,0.1,128,go2vec,0,1,cat,32,True,0.5,sum,False,2,True,mean,0.812,True
0.001,0.0001,300,10,0.1,128,go2vec,0,1,cat,32,True,0.5,sum,False,2,False,mean,0.816,True
0.001,0.0001,300,10,0.1,128,go2vec,0,1,cat,32,True,0.5,mean,False,2,False,mean,0.825,True
0.001,0.0001,300,10,0.1,128,go2vec,0,1,cat,32,True,0.0,mean,False,2,False,mean,0.898,True
0.001,0.0001,300,10,0.1,128,random,0,1,cat,32,True,0.0,mean,False,2,False,mean,0.516,True
0.001,0.0001,300,10,0.1,128,random,0,1,cat,32,True,0.0,mean,True,2,False,mean,0.574,True
0.001,0.0001,300,10,0.1,16,random,0,1,cat,32,True,0.0,mean,True,2,False,mean,0.57,True
0.001,0.0001,300,10,0.1,32,random,0,1,cat,32,True,0.0,mean,True,2,False,mean,0.541,True
0.001,0.0001,300,10,0.1,32,random,0,1,cat,32,True,0.5,mean,True,2,False,mean,0.572,True
0.001,0.0001,300,10,0.1,32,random,0,1,sum,32,True,0.5,mean,True,2,False,mean,0.526,True
0.001,0.0001,300,10,0.1,32,random,0,1,sum,32,True,0.5,mean,True,2,True,mean,0.58,True
0.001,0.0001,300,10,0.1,16,random,0,1,sum,32,True,0.5,mean,True,2,True,mean,0.569,True
0.001,0.0001,300,10,0.1,16,go2vec,0,1,sum,32,True,0.5,mean,True,2,True,mean,0.769,True
0.001,0.01,300,10,0.1,16,go2vec,0,1,sum,32,True,0.5,mean,True,2,True,mean,0.876,True
0.001,0.01,300,10,0.1,16,go2vec,0,1,sum,32,True,0.5,mean,False,2,True,mean,0.876,True
0.001,0.01,300,10,0.1,16,go2vec,2,1,sum,32,True,0.5,mean,False,2,True,mean,0.878,True
0.001,0.01,300,10,0.1,16,go2vec,2,0,sum,32,True,0.5,mean,False,2,True,mean,0.885,True
0.001,0.01,300,10,0.1,16,go2vec,2,0,sum,32,True,0.5,mean,False,2,False,mean,0.902,True
0.001,0.01,300,10,0.1,16,go2vec,2,0,sum,64,True,0.5,mean,False,2,False,mean,0.89,True
0.001,0.01,300,10,0.1,16,go2vec,2,0,cat,64,True,0.5,mean,False,2,False,mean,0.635,False
0.001,0.01,500,10,0.1,16,go2vec,2,0,sum,64,True,0.5,mean,False,2,False,mean,0.601,False
0.001,0.01,300,10,0.1,128,go2vec,2,0,sum,64,True,0.5,mean,False,2,False,mean,0.391,True
0.001,0.01,300,10,0.1,128,go2vec,2,0,sum,128,True,0.5,mean,False,2,False,mean,0.5,True
0.001,0.01,300,10,0.1,128,go2vec,2,0,sum,128,False,0.5,mean,False,2,False,mean,0.905,True
0.001,0.01,300,10,0.1,128,go2vec,2,0,sum,128,False,0.5,mean,False,2,False,sum,0.527,True
0.001,0.01,300,10,0.1,128,go2vec,2,0,cat,128,False,0.5,mean,False,2,False,sum,0.495,True
0.001,0.01,300,10,0.1,128,go2vec,2,0,cat,128,False,0.5,mean,False,3,False,sum,0.453,True
0.001,0.01,300,10,0.1,128,go2vec,0,0,cat,128,False,0.5,mean,False,3,False,sum,0.5,True
0.001,0.01,300,10,0.1,128,go2vec,0,0,cat,128,False,0.3,mean,False,3,False,sum,0.525,True
0.001,0.01,300,10,0.1,128,go2vec,0,0,cat,128,False,0.3,mean,True,3,False,sum,0.892,True
0.001,0.01,300,10,0.1,128,go2vec,0,0,cat,128,False,0.3,sum,True,3,False,sum,0.862,True
0.001,0.01,300,10,0.1,128,go2vec,0,0,cat,128,False,0.3,sum,True,3,True,sum,0.779,True
0.001,0.01,300,10,0.1,128,go2vec,0,0,cat,128,True,0.3,sum,True,3,True,sum,0.9,True
0.001,0.01,300,10,0.1,128,go2vec,0,0,cat,128,True,0.3,sum,True,4,True,sum,0.908,True
0.001,0.01,300,10,0.1,128,go2vec,0,0,cat,128,True,0.3,sum,False,4,True,sum,0.869,True
0.001,0.01,300,10,0.1,128,go2vec,0,0,cat,128,True,0.3,mean,False,4,True,sum,0.891,True
0.001,0.01,300,10,0.1,128,go2vec,0,0,cat,64,True,0.3,mean,False,4,True,sum,0.905,True
0.001,0.01,300,10,0.1,128,go2vec,0,0,sum,64,True,0.3,mean,False,4,True,sum,0.887,True
0.001,0.01,300,10,0.1,128,go2vec,0,0,sum,64,True,0.3,mean,True,4,True,sum,0.903,True
0.001,0.01,300,10,0.1,128,go2vec,0,0,sum,64,True,0.5,mean,True,4,True,sum,0.911,True
0.001,0.01,300,10,0.1,128,go2vec,0,0,sum,64,False,0.5,mean,True,4,True,sum,0.91,True
0.001,0.01,300,10,0.1,128,go2vec,0,1,sum,64,False,0.5,mean,True,4,True,sum,0.631,True
0.001,0.01,300,10,0.1,128,go2vec,0,1,sum,64,False,0.3,mean,True,4,True,sum,0.893,True
0.001,0.01,300,10,0.1,128,go2vec,0,1,sum,64,False,0.0,mean,True,4,True,sum,0.883,True
0.001,0.01,300,10,0.1,128,go2vec,0,1,sum,64,False,0.0,mean,True,1,True,sum,0.709,True
0.001,0.01,300,10,0.1,128,go2vec,0,1,sum,64,False,0.0,mean,True,1,True,max,0.856,True
0.001,0.01,300,10,0.1,128,go2vec,0,1,sum,64,False,0.5,mean,True,1,True,max,0.863,True
0.001,0.01,300,10,0.1,128,go2vec,1,1,sum,64,False,0.5,mean,True,1,True,max,0.682,False
0.001,0.01,300,10,0.1,128,go2vec,0,1,False,64,False,0.5,mean,True,1,True,max,0.867,True
0.001,0.01,300,10,0.1,128,go2vec,0,1,False,64,True,0.5,mean,True,1,True,max,0.855,True
0.001,0.01,300,10,0.1,128,go2vec,2,1,False,64,True,0.5,mean,True,1,True,max,0.501,False
0.001,0.01,300,10,0.1,128,go2vec,0,1,False,64,True,0.0,mean,True,1,True,max,0.851,True
0.001,0.01,300,10,0.1,128,go2vec,0,1,False,64,True,0.0,mean,True,1,True,mean,0.761,False
0.001,0.01,300,10,0.1,128,go2vec,0,1,False,64,False,0.0,mean,True,1,True,max,0.86,True
0.001,0.01,300,10,0.1,128,go2vec,0,1,False,64,False,0.0,mean,False,1,True,max,0.871,True
0.001,0.0001,300,10,0.1,128,go2vec,0,1,False,64,False,0.0,mean,False,1,True,max,0.847,True
0.001,0.0001,300,10,0.1,128,go2vec,0,1,False,64,False,0.0,mean,False,4,True,max,0.876,True
0.001,0.0001,300,10,0.1,128,go2vec,0,1,sum,64,False,0.0,mean,False,4,True,max,0.894,True
0.001,0.0001,500,10,0.1,128,go2vec,0,1,sum,64,False,0.0,mean,False,4,True,max,0.902,True
0.001,0.0001,500,10,0.1,128,go2vec,0,1,sum,64,False,0.0,mean,True,4,True,max,0.902,True
0.001,0.0001,500,10,0.1,128,go2vec,0,1,sum,64,False,0.0,sum,True,4,True,max,0.904,True
0.001,0.0001,500,10,0.1,16,go2vec,0,1,sum,64,False,0.0,sum,True,4,True,max,0.906,True
0.001,0.0001,500,10,0.1,16,random,0,1,sum,64,False,0.0,sum,True,4,True,max,0.857,True
0.001,0.0001,500,10,0.1,16,random,0,1,False,64,False,0.0,sum,True,4,True,max,0.882,True
0.001,0.0001,500,10,0.1,16,random,0,1,False,64,False,0.0,sum,True,4,True,sum,0.761,False
0.001,0.01,500,10,0.1,16,random,0,1,False,64,False,0.0,sum,True,4,True,max,0.693,True
0.001,0.01,500,10,0.1,16,random,0,1,sum,64,False,0.0,sum,True,4,True,max,0.854,True
0.001,0.01,500,10,0.1,16,random,0,1,sum,128,False,0.0,sum,True,4,True,max,0.69,False
0.001,0.01,500,10,0.1,128,random,0,1,sum,64,False,0.0,sum,True,4,True,max,0.534,False
0.001,0.01,500,10,0.1,16,random,0,1,sum,64,False,0.0,sum,False,4,True,max,0.823,True
0.001,0.0001,500,10,0.1,16,random,0,1,sum,64,False,0.0,sum,False,4,True,max,0.863,True
0.001,0.0001,500,10,0.1,128,random,0,1,sum,64,False,0.0,sum,False,4,True,max,0.861,True
0.001,0.0001,500,10,0.1,128,random,0,1,cat,64,False,0.0,sum,False,4,True,max,0.869,True
0.001,0.0001,500,10,0.1,128,random,0,1,cat,64,False,0.0,mean,False,4,True,max,0.849,True
0.001,0.0001,500,10,0.1,128,random,0,1,cat,32,False,0.0,mean,False,4,True,max,0.835,True
0.001,0.0001,500,10,0.1,128,go2vec,0,1,cat,32,False,0.0,mean,False,4,True,max,0.9,True
0.001,0.0001,500,10,0.1,128,go2vec,0,1,cat,32,False,0.0,mean,False,3,True,max,0.897,True
0.001,0.0001,500,10,0.1,128,go2vec,0,1,cat,64,False,0.0,mean,False,3,True,max,0.903,True
0.001,0.0001,500,10,0.1,128,go2vec,0,1,cat,64,True,0.0,mean,False,3,True,max,0.9,True
0.001,0.0001,500,10,0.1,16,go2vec,0,1,cat,64,True,0.0,mean,False,3,True,max,0.902,True
0.001,0.0001,500,10,0.1,16,go2vec,0,1,cat,32,True,0.0,mean,False,3,True,max,0.902,True
0.001,0.0001,500,10,0.1,16,go2vec,0,1,cat,32,False,0.0,mean,False,3,True,max,0.892,True
0.001,0.0001,500,10,0.1,16,go2vec,0,1,cat,32,False,0.0,sum,False,3,True,max,0.899,True
0.001,0.0001,500,10,0.1,16,go2vec,0,2,cat,32,False,0.0,sum,False,3,True,max,0.893,False
0.001,0.0001,500,10,0.1,16,go2vec,0,1,cat,32,False,0.0,sum,False,3,True,sum,0.897,True
0.001,0.0001,500,10,0.1,16,go2vec,2,1,cat,32,False,0.0,sum,False,3,True,sum,0.897,True
0.001,0.0001,500,10,0.1,32,go2vec,2,1,cat,32,False,0.0,sum,False,3,True,sum,0.89,True
0.001,0.0001,500,10,0.1,32,go2vec,2,1,cat,32,False,0.0,sum,True,3,True,sum,0.909,True
0.001,0.0001,500,10,0.1,32,go2vec,2,1,cat,32,False,0.3,sum,True,3,True,sum,0.891,True
0.001,0.0001,500,10,0.1,16,go2vec,2,1,cat,32,False,0.3,sum,True,3,True,sum,0.889,True
0.001,0.0001,500,10,0.1,16,go2vec,2,1,cat,32,False,0.3,sum,True,3,True,mean,0.837,True
0.001,0.0001,500,10,0.1,16,random,2,1,cat,32,False,0.3,sum,True,3,True,mean,0.742,False
0.001,0.0001,500,10,0.1,16,random,2,1,cat,32,False,0.3,sum,True,3,True,mean,0.752,True
0.001,0.0001,500,10,0.1,16,random,2,1,cat,16,False,0.3,sum,True,3,True,mean,0.623,False
0.001,0.0001,500,10,0.1,16,random,2,1,cat,32,False,0.3,sum,True,3,True,sum,0.891,True
0.001,0.0001,500,10,0.1,16,random,2,0,cat,32,False,0.3,sum,True,3,True,sum,0.891,True
0.001,0.0001,500,10,0.1,16,random,2,0,cat,32,False,0.3,sum,True,3,False,sum,0.89,True
0.001,0.0001,500,10,0.1,16,random,1,0,cat,32,False,0.3,sum,True,3,False,sum,0.887,True
0.001,0.0001,500,10,0.1,16,random,1,0,cat,32,False,0.0,sum,True,3,False,sum,0.901,True
0.001,0.0001,500,10,0.1,16,random,1,0,cat,32,False,0.0,sum,True,4,False,sum,0.908,True
0.001,0.0001,500,10,0.1,16,random,1,0,cat,32,False,0.3,sum,True,4,False,sum,0.901,True
0.001,0.0001,500,10,0.1,16,random,1,0,cat,32,False,0.3,sum,True,1,False,sum,0.69,False
0.001,0.0001,500,10,0.1,128,random,1,0,cat,32,False,0.3,sum,True,4,False,sum,0.898,True
0.001,0.0001,500,10,0.1,128,random,1,2,cat,32,False,0.3,sum,True,4,False,sum,0.852,True
0.001,0.0001,500,10,0.1,128,random,1,2,cat,32,False,0.3,sum,True,4,True,sum,0.872,True
0.001,0.0001,500,10,0.1,16,random,1,2,cat,32,False,0.3,sum,True,4,True,sum,0.86,True
0.001,0.0001,500,10,0.1,16,random,1,2,cat,32,False,0.5,sum,True,4,True,sum,0.844,True
0.001,0.0001,500,10,0.1,16,random,1,2,cat,16,False,0.5,sum,True,4,True,sum,0.716,True
0.001,0.0001,500,10,0.1,16,random,1,2,cat,16,False,0.5,sum,True,4,False,sum,0.703,False
0.001,0.0001,500,10,0.1,16,go2vec,1,2,cat,16,False,0.5,sum,True,4,True,sum,0.739,True
0.001,0.0001,500,10,0.1,16,go2vec,1,2,cat,16,False,0.5,sum,True,3,True,sum,0.711,True
0.001,0.001,500,10,0.1,16,go2vec,1,2,cat,16,False,0.5,sum,True,3,True,sum,0.868,True
0.001,0.001,500,10,0.1,16,go2vec,1,2,sum,16,False,0.5,sum,True,3,True,sum,0.865,True
0.001,0.001,500,10,0.1,16,go2vec,1,2,sum,16,False,0.5,sum,True,4,True,sum,0.863,True
0.001,0.001,500,10,0.1,16,go2vec,1,2,sum,16,False,0.5,sum,False,4,True,sum,0.798,False
0.001,0.001,500,10,0.1,16,go2vec,1,2,sum,16,True,0.5,sum,True,4,True,sum,0.848,True
0.001,0.001,500,10,0.1,16,go2vec,1,2,sum,16,True,0.5,sum,False,4,True,sum,0.866,True
0.001,0.001,500,10,0.1,128,go2vec,1,2,sum,16,True,0.5,sum,False,4,True,sum,0.664,False
0.001,0.001,500,10,0.1,16,go2vec,1,2,sum,32,True,0.5,sum,False,4,True,sum,0.877,True
0.001,0.0001,500,10,0.1,16,go2vec,1,2,sum,32,True,0.5,sum,False,4,True,sum,0.841,True
0.001,0.0001,300,10,0.1,16,go2vec,1,2,sum,32,True,0.5,sum,False,4,True,sum,0.807,False
0.001,0.0001,500,10,0.1,16,go2vec,1,2,sum,32,True,0.5,sum,False,4,True,mean,0.699,False
0.001,0.0001,500,10,0.1,16,random,1,2,sum,32,True,0.5,sum,False,4,True,sum,0.832,False
0.001,0.0001,500,10,0.1,16,go2vec,0,2,sum,32,True,0.5,sum,False,4,True,sum,0.838,True
0.001,0.0001,500,10,0.1,16,go2vec,0,2,sum,32,True,0.5,mean,False,4,True,sum,0.839,True
0.001,0.0001,500,10,0.1,16,go2vec,0,2,sum,32,True,0.5,mean,True,4,True,sum,0.818,True
0.001,0.0001,500,10,0.1,16,go2vec,0,2,sum,32,False,0.5,mean,True,4,True,sum,0.82,True
0.001,0.0001,500,10,0.1,16,go2vec,0,2,sum,16,False,0.5,mean,True,4,True,sum,0.713,True
0.001,0.0001,500,10,0.1,16,go2vec,0,2,sum,16,True,0.5,mean,True,4,True,sum,0.766,True
0.001,0.0001,500,10,0.1,16,go2vec,0,2,sum,16,True,0.3,mean,True,4,True,sum,0.831,True
0.001,0.0001,500,10,0.1,16,go2vec,0,2,sum,16,True,0.3,sum,True,4,True,sum,0.837,True
0.001,0.0001,500,10,0.1,16,go2vec,0,2,sum,16,True,0.3,sum,True,4,False,sum,0.85,True
0.001,0.0001,500,10,0.1,16,go2vec,0,2,sum,16,True,0.3,sum,True,3,False,sum,0.846,True
0.001,0.0001,400,10,0.1,16,go2vec,0,2,sum,16,True,0.3,sum,True,3,False,sum,0.843,True
0.001,0.0001,400,10,0.1,16,go2vec,0,2,sum,16,True,0.3,sum,True,4,False,sum,0.851,True
0.001,0.0001,400,10,0.1,16,go2vec,0,2,sum,16,True,0.3,sum,True,4,False,max,0.732,True
0.001,0.0001,400,10,0.1,16,go2vec,0,2,sum,16,True,0.3,sum,True,4,True,max,0.745,True
0.001,0.0001,500,10,0.1,16,go2vec,0,2,sum,16,True,0.3,sum,True,4,True,max,0.795,True
0.001,0.0001,500,10,0.1,16,go2vec,0,2,sum,16,True,0.3,sum,True,3,True,max,0.782,True
0.001,0.0001,500,10,0.1,16,go2vec,0,2,False,16,True,0.3,sum,True,3,True,max,0.729,True
0.001,0.0001,500,10,0.1,16,go2vec,0,2,False,128,True,0.3,sum,True,3,True,max,0.889,True
0.001,0.0001,400,10,0.1,16,go2vec,0,2,False,128,True,0.3,sum,True,3,True,max,0.877,True
0.001,0.0001,400,10,0.1,16,go2vec,0,2,False,128,True,0.3,sum,True,3,True,mean,0.878,True
0.001,0.0001,400,10,0.1,128,go2vec,0,2,False,128,True,0.3,sum,True,3,True,mean,0.884,True
0.001,0.0001,400,10,0.1,128,go2vec,0,2,False,128,True,0.3,mean,True,3,True,mean,0.882,True
0.001,0.0001,400,10,0.1,16,go2vec,0,2,False,128,True,0.3,mean,True,3,True,mean,0.88,True
0.001,0.01,400,10,0.1,16,go2vec,0,2,False,128,True,0.3,mean,True,3,True,mean,0.564,False
0.001,0.0001,400,10,0.1,16,go2vec,1,2,False,128,True,0.3,mean,True,3,True,mean,0.843,True
0.001,0.0001,400,10,0.1,16,go2vec,1,2,False,128,True,0.3,mean,True,4,True,mean,0.848,True
0.001,0.0001,400,10,0.1,16,go2vec,1,2,False,128,True,0.3,mean,True,1,True,mean,0.838,True
0.001,0.0001,400,10,0.1,16,go2vec,1,2,False,128,True,0.3,mean,True,1,False,mean,0.799,True
0.001,0.0001,300,10,0.1,16,go2vec,1,2,False,128,True,0.3,mean,True,1,False,mean,0.807,True
0.001,0.001,300,10,0.1,16,go2vec,1,2,False,128,True,0.3,mean,True,1,False,mean,0.889,True
0.001,0.001,300,10,0.1,16,go2vec,1,2,False,128,True,0.3,mean,True,2,False,mean,0.932,True
0.001,0.001,300,10,0.1,16,random,1,2,False,128,True,0.3,mean,True,2,False,mean,0.58,False
0.001,0.001,300,10,0.1,16,go2vec,1,2,False,128,True,0.3,mean,False,2,False,mean,0.93,True
0.001,0.01,300,10,0.1,16,go2vec,1,2,False,128,True,0.3,mean,False,2,False,mean,0.541,False
0.001,0.001,300,10,0.1,16,go2vec,1,2,False,128,True,0.3,mean,False,3,False,mean,0.925,True
0.001,0.001,300,10,0.1,16,go2vec,1,2,False,64,True,0.3,mean,False,3,False,mean,0.93,True
0.001,0.001,500,10,0.1,16,go2vec,1,2,False,64,True,0.3,mean,False,3,False,mean,0.938,True
0.001,0.001,500,10,0.1,16,go2vec,1,2,False,64,True,0.3,mean,True,3,False,mean,0.923,True
0.001,0.001,500,10,0.1,32,go2vec,1,2,False,64,True,0.3,mean,True,3,False,mean,0.94,True
0.001,0.001,500,10,0.1,32,go2vec,1,2,False,64,True,0.3,mean,True,3,True,mean,0.87,True
0.001,0.001,500,10,0.1,32,go2vec,0,2,False,64,True,0.3,mean,True,3,True,mean,0.88,True
0.001,0.001,500,10,0.1,32,go2vec,0,2,False,64,True,0.3,mean,True,3,False,mean,0.941,True
0.001,0.001,500,10,0.1,32,go2vec,0,2,False,32,True,0.3,mean,True,3,False,mean,0.928,True
0.001,0.001,500,10,0.1,32,go2vec,0,2,False,32,True,0.3,mean,False,3,False,mean,0.935,True
0.001,0.001,500,10,0.1,32,random,0,2,False,32,True,0.3,mean,False,3,False,mean,0.613,False
0.001,0.001,400,10,0.1,32,go2vec,0,2,False,32,True,0.3,mean,False,3,False,mean,0.929,True
0.001,0.001,400,10,0.1,32,go2vec,2,2,False,32,True,0.3,mean,False,3,False,mean,0.903,True
0.001,0.001,300,10,0.1,32,go2vec,2,2,False,32,True,0.3,mean,False,3,False,mean,0.894,True
0.001,0.001,300,10,0.1,32,go2vec,2,0,False,32,True,0.3,mean,False,3,False,mean,0.921,True
0.001,0.001,300,10,0.1,32,random,2,0,False,32,True,0.3,mean,False,3,False,mean,0.774,False
0.001,0.001,400,10,0.1,32,go2vec,2,0,False,32,True,0.3,mean,False,3,False,mean,0.918,True
0.001,0.001,400,10,0.1,32,go2vec,2,0,False,32,True,0.3,mean,True,3,False,mean,0.846,True
0.001,0.001,400,10,0.1,32,go2vec,2,0,False,32,False,0.3,mean,True,3,False,mean,0.914,True
0.001,0.001,400,10,0.1,32,go2vec,2,0,False,32,False,0.3,mean,True,4,False,mean,0.909,True
0.001,0.001,400,10,0.1,32,go2vec,2,0,False,32,False,0.3,sum,True,4,False,mean,0.898,True
0.001,0.001,400,10,0.1,32,go2vec,2,0,False,32,False,0.3,sum,True,4,False,max,0.652,True
0.001,0.001,400,10,0.1,32,go2vec,2,0,False,32,False,0.3,sum,True,4,False,sum,0.917,True
0.001,0.001,400,10,0.1,32,go2vec,2,0,False,32,False,0.3,sum,True,3,False,sum,0.912,True
0.001,0.001,400,10,0.1,32,random,2,0,False,32,False,0.3,sum,True,3,False,sum,0.907,True
0.001,0.001,400,10,0.1,32,random,2,1,False,32,False,0.3,sum,True,3,False,sum,0.92,True
0.001,0.001,400,10,0.1,32,random,0,1,False,32,False,0.3,sum,True,3,False,sum,0.609,False
0.001,0.001,400,10,0.1,32,random,2,1,False,32,False,0.3,sum,True,3,False,mean,0.742,False
0.001,0.001,400,10,0.1,32,random,2,1,False,32,False,0.3,sum,True,4,False,sum,0.928,True
0.001,0.001,400,10,0.1,32,random,2,1,False,32,False,0.5,sum,True,4,False,sum,0.914,True
0.001,0.001,400,10,0.1,32,random,2,1,False,64,False,0.5,sum,True,4,False,sum,0.921,True
0.001,0.001,400,10,0.1,32,go2vec,2,1,False,64,False,0.5,sum,True,4,False,sum,0.928,True
0.001,0.0001,400,10,0.1,32,go2vec,2,1,False,64,False,0.5,sum,True,4,False,sum,0.874,True
0.001,0.0001,400,10,0.1,32,go2vec,2,1,False,32,False,0.5,sum,True,4,False,sum,0.849,True
0.001,0.0001,300,10,0.1,32,go2vec,2,1,False,32,False,0.5,sum,True,4,False,sum,0.806,False
0.001,0.0001,400,10,0.1,32,go2vec,2,0,False,32,False,0.5,sum,True,4,False,sum,0.891,True
0.001,0.0001,400,10,0.1,32,go2vec,2,0,False,32,False,0.5,sum,False,4,False,sum,0.501,False
0.001,0.0001,400,10,0.1,32,go2vec,2,0,False,32,False,0.0,sum,True,4,False,sum,0.902,True
0.001,0.0001,400,10,0.1,32,go2vec,2,0,sum,32,False,0.0,sum,True,4,False,sum,0.899,True
0.001,0.0001,400,10,0.1,32,random,2,0,sum,32,False,0.0,sum,True,4,False,sum,0.898,True
0.001,0.001,400,10,0.1,32,random,2,0,sum,32,False,0.0,sum,True,4,False,sum,0.914,True
0.001,0.001,400,10,0.1,32,random,2,0,sum,32,False,0.0,sum,False,4,False,sum,0.502,False
0.001,0.001,400,10,0.1,32,random,2,0,sum,32,False,0.0,mean,True,4,False,sum,0.911,True
0.001,0.001,400,10,0.1,32,random,2,0,sum,32,False,0.0,mean,True,4,True,sum,0.912,True
0.001,0.001,400,10,0.1,32,random,2,0,sum,32,False,0.0,mean,True,1,True,sum,0.494,False
0.001,0.001,400,10,0.1,32,random,2,0,sum,32,False,0.0,mean,True,4,True,mean,0.794,True
0.001,0.001,400,10,0.1,32,random,2,0,sum,32,False,0.0,mean,False,4,True,mean,0.779,True
0.001,0.001,400,10,0.1,32,random,2,0,cat,32,False,0.0,mean,False,4,True,mean,0.794,True
0.001,0.001,400,10,0.1,32,random,2,0,cat,16,False,0.0,mean,False,4,True,mean,0.761,True
0.001,0.001,400,10,0.1,32,random,2,0,cat,16,True,0.0,mean,False,4,True,mean,0.651,True
0.001,0.001,300,10,0.1,32,random,2,0,cat,16,True,0.0,mean,False,4,True,mean,0.565,True
0.001,0.001,300,10,0.1,16,random,2,0,cat,16,True,0.0,mean,False,4,True,mean,0.655,True
0.001,0.001,300,10,0.1,16,random,2,0,cat,16,True,0.0,mean,False,4,True,max,0.782,True
0.001,0.001,300,10,0.1,16,random,2,0,cat,128,True,0.0,mean,False,4,True,max,0.59,False
0.001,0.0001,300,10,0.1,16,random,2,0,cat,16,True,0.0,mean,False,4,True,max,0.838,True
0.001,0.0001,300,10,0.1,16,random,2,0,cat,16,False,0.0,mean,False,4,True,max,0.766,True
0.001,0.0001,300,10,0.1,16,random,2,0,cat,16,False,0.3,mean,False,4,True,max,0.499,True
0.001,0.0001,300,10,0.1,16,random,2,0,cat,16,True,0.3,mean,False,4,True,max,0.828,True
0.001,0.0001,300,10,0.1,16,random,2,0,cat,16,True,0.3,mean,False,1,True,max,0.637,False
0.001,0.0001,300,10,0.1,16,random,2,2,cat,16,True,0.3,mean,False,4,True,max,0.737,True
0.001,0.0001,300,10,0.1,16,random,2,2,cat,16,True,0.3,mean,False,1,True,max,0.633,False
0.001,0.0001,300,10,0.1,16,random,2,2,cat,16,True,0.3,mean,False,4,False,max,0.639,False
0.001,0.0001,300,10,0.1,128,random,2,2,cat,16,True,0.3,mean,False,4,True,max,0.744,True
0.001,0.0001,300,10,0.1,128,random,2,2,cat,16,True,0.3,mean,False,4,False,max,0.692,False
0.001,0.0001,300,10,0.1,128,random,2,2,cat,32,True,0.3,mean,False,4,True,max,0.547,True
0.001,0.0001,300,10,0.1,128,random,2,2,False,32,True,0.3,mean,False,4,True,max,0.45,True
0.001,0.0001,300,10,0.1,128,random,2,2,False,32,False,0.3,mean,False,4,True,max,0.595,True
0.001,0.0001,400,10,0.1,128,random,2,2,False,32,False,0.3,mean,False,4,True,max,0.611,True
0.001,0.0001,400,10,0.1,128,random,2,2,False,32,False,0.3,mean,True,4,True,max,0.448,False
0.001,0.0001,400,10,0.1,128,random,2,2,False,32,False,0.3,mean,True,4,True,max,0.531,False
0.001,0.0001,400,10,0.1,128,random,2,2,False,32,True,0.3,mean,False,4,True,max,0.492,False
0.001,0.0001,400,10,0.1,128,random,2,2,False,32,False,0.3,mean,False,4,False,max,0.556,False
0.001,0.0001,400,10,0.1,128,go2vec,2,2,False,32,False,0.3,mean,False,4,True,max,0.662,True
0.001,0.0001,400,10,0.1,128,go2vec,2,0,False,32,False,0.3,mean,False,4,True,max,0.595,True
0.001,0.0001,500,10,0.1,128,go2vec,2,0,False,32,False,0.3,mean,False,4,True,max,0.471,False
0.001,0.0001,400,10,0.1,128,go2vec,2,0,False,32,True,0.3,mean,False,4,True,max,0.657,True
0.001,0.0001,400,10,0.1,128,go2vec,2,1,False,32,True,0.3,mean,False,4,True,max,0.495,False
0.001,0.0001,300,10,0.1,128,go2vec,2,0,False,32,True,0.3,mean,False,4,True,max,0.809,True
0.001,0.0001,300,10,0.1,128,go2vec,2,0,False,32,True,0.5,mean,False,4,True,max,0.45,False
0.001,0.0001,300,10,0.1,128,go2vec,2,0,False,32,True,0.3,sum,False,4,True,max,0.72,True
0.001,0.0001,300,10,0.1,128,go2vec,2,0,False,32,True,0.3,sum,False,4,False,max,0.602,True
0.001,0.0001,300,10,0.1,128,go2vec,2,0,False,32,True,0.3,sum,True,4,False,max,0.853,True
0.001,0.001,300,10,0.1,128,go2vec,2,0,False,32,True,0.3,sum,True,4,False,max,0.809,True
0.001,0.001,300,10,0.1,128,random,2,0,False,32,True,0.3,sum,True,4,False,max,0.692,False
0.001,0.001,300,10,0.1,128,go2vec,1,0,False,32,True,0.3,sum,True,4,False,max,0.833,True
0.001,0.001,300,10,0.1,128,go2vec,1,0,cat,32,True,0.3,sum,True,4,False,max,0.868,True
0.001,0.001,300,10,0.1,128,go2vec,1,0,cat,32,True,0.3,sum,True,1,False,max,0.757,True
0.001,0.0001,300,10,0.1,128,go2vec,1,0,cat,32,True,0.3,sum,True,1,False,max,0.818,True
0.001,0.0001,300,10,0.1,128,go2vec,1,0,cat,32,True,0.3,sum,True,2,False,max,0.858,True
0.001,0.0001,300,10,0.1,128,random,1,0,cat,32,True,0.3,sum,True,2,False,max,0.822,False
0.001,0.0001,300,10,0.1,16,go2vec,1,0,cat,32,True,0.3,sum,True,2,False,max,0.86,True
0.001,0.0001,300,10,0.1,16,go2vec,1,0,cat,32,False,0.3,sum,True,2,False,max,0.837,True
0.001,0.0001,300,10,0.1,16,go2vec,1,0,cat,32,False,0.3,sum,True,1,False,max,0.809,True
0.001,0.0001,300,10,0.1,16,go2vec,1,0,cat,32,False,0.3,sum,False,1,False,max,0.792,True
0.001,0.0001,300,10,0.1,16,go2vec,2,0,cat,32,False,0.3,sum,False,1,False,max,0.774,False
0.001,0.0001,300,10,0.1,16,go2vec,1,0,cat,32,False,0.5,sum,False,1,False,max,0.79,True
0.001,0.0001,300,10,0.1,16,go2vec,1,0,cat,64,False,0.5,sum,False,1,False,max,0.837,True
0.001,0.0001,300,10,0.1,16,go2vec,2,0,cat,64,False,0.5,sum,False,1,False,max,0.673,False
0.001,0.0001,300,10,0.1,16,go2vec,1,0,cat,64,False,0.3,sum,False,1,False,max,0.849,True
0.001,0.01,300,10,0.1,16,go2vec,1,0,cat,64,False,0.3,sum,False,1,False,max,0.861,True
0.001,0.01,300,10,0.1,16,go2vec,1,0,cat,64,True,0.3,sum,False,1,False,max,0.581,False
0.001,0.01,300,10,0.1,16,go2vec,1,0,cat,64,False,0.3,sum,False,1,True,max,0.823,True
0.001,0.001,300,10,0.1,16,go2vec,1,0,cat,64,False,0.3,sum,False,1,True,max,0.698,True
0.001,0.001,300,10,0.1,16,go2vec,1,2,cat,64,False,0.3,sum,False,1,True,max,0.704,True
0.001,0.001,300,10,0.1,16,go2vec,1,2,cat,64,False,0.3,sum,False,1,True,sum,0.878,True
0.001,0.001,400,10,0.1,16,go2vec,1,2,cat,64,False,0.3,sum,False,1,True,sum,0.879,True
0.001,0.001,400,10,0.1,16,go2vec,1,2,cat,64,False,0.5,sum,False,1,True,sum,0.861,True
0.001,0.001,400,10,0.1,16,go2vec,1,2,cat,64,False,0.5,sum,False,2,True,sum,0.893,True
0.001,0.001,400,10,0.1,16,go2vec,2,2,cat,64,False,0.5,sum,False,2,True,sum,0.897,True
0.001,0.001,400,10,0.1,16,go2vec,2,2,cat,64,False,0.5,sum,False,2,True,max,0.483,False
0.001,0.001,400,10,0.1,16,go2vec,2,2,cat,64,True,0.5,sum,False,2,True,sum,0.878,True
0.001,0.001,400,10,0.1,16,go2vec,2,2,cat,64,True,0.5,sum,True,2,True,sum,0.883,True
0.001,0.001,400,10,0.1,16,go2vec,2,2,sum,64,True,0.5,sum,True,2,True,sum,0.811,False
0.001,0.001,400,10,0.1,16,go2vec,2,2,sum,64,True,0.5,sum,True,2,True,sum,0.484,False
0.001,0.001,400,10,0.1,16,go2vec,2,2,cat,64,True,0.5,sum,True,2,False,sum,0.922,True
0.001,0.001,400,10,0.1,16,go2vec,2,1,cat,64,True,0.5,sum,True,2,False,sum,0.835,False
0.001,0.001,400,10,0.1,16,go2vec,2,2,cat,64,True,0.5,sum,False,2,False,sum,0.732,True
0.001,0.001,400,10,0.1,16,go2vec,2,0,cat,64,True,0.5,sum,False,2,False,sum,0.552,False
0.001,0.001,400,10,0.1,16,go2vec,2,2,cat,64,True,0.5,sum,False,2,False,max,0.605,False
0.001,0.001,400,10,0.1,16,go2vec,1,2,cat,64,True,0.5,sum,False,2,False,sum,0.648,False
0.001,0.001,400,10,0.1,128,go2vec,2,2,cat,64,True,0.5,sum,False,2,False,sum,0.873,True
0.001,0.001,400,10,0.1,128,go2vec,2,2,cat,64,True,0.5,sum,False,3,False,sum,0.894,True
0.001,0.001,400,10,0.1,128,go2vec,1,2,cat,64,True,0.5,sum,False,3,False,sum,0.897,True
0.001,0.001,400,10,0.1,128,go2vec,1,2,cat,32,True,0.5,sum,False,3,False,sum,0.857,True
0.001,0.001,500,10,0.1,128,go2vec,1,2,cat,32,True,0.5,sum,False,3,False,sum,0.886,True
0.001,0.001,500,10,0.1,128,go2vec,1,2,cat,32,False,0.5,sum,False,3,False,sum,0.576,False
0.001,0.001,500,10,0.1,128,go2vec,1,2,cat,32,True,0.5,mean,False,3,False,sum,0.879,True
0.001,0.001,500,10,0.1,128,go2vec,1,2,cat,64,True,0.5,mean,False,3,False,sum,0.792,False
0.001,0.001,500,10,0.1,128,go2vec,1,2,cat,32,True,0.5,mean,False,3,True,sum,0.845,False
0.001,0.001,500,10,0.1,128,go2vec,1,2,cat,32,True,0.5,mean,False,3,False,max,0.759,False
0.001,0.001,500,10,0.1,128,random,1,2,cat,32,True,0.5,mean,False,3,False,sum,0.822,True
0.001,0.001,500,10,0.1,128,random,1,2,cat,32,True,0.5,sum,False,3,False,sum,0.788,False
0.001,0.001,500,10,0.1,128,random,1,2,cat,32,True,0.5,mean,False,4,False,sum,0.825,True
0.001,0.001,500,10,0.1,128,go2vec,1,2,cat,32,True,0.5,mean,False,4,False,sum,0.888,True
0.001,0.001,400,10,0.1,128,go2vec,1,2,cat,32,True,0.5,mean,False,4,False,sum,0.88,True
0.001,0.001,400,10,0.1,128,go2vec,1,2,cat,32,True,0.5,sum,False,4,False,sum,0.879,True
0.001,0.001,400,10,0.1,128,go2vec,1,2,cat,32,True,0.5,sum,False,4,False,mean,0.795,False
0.001,0.0001,400,10,0.1,128,go2vec,1,2,cat,32,True,0.5,sum,False,4,False,sum,0.716,False
0.001,0.0001,400,10,0.1,128,go2vec,1,2,cat,32,True,0.5,sum,False,4,False,sum,0.822,True
0.001,0.0001,400,10,0.1,128,go2vec,2,2,cat,32,True,0.5,sum,False,4,False,sum,0.344,True
0.001,0.0001,400,10,0.1,128,go2vec,2,2,cat,32,True,0.5,sum,False,4,True,sum,0.853,True
0.001,0.001,400,10,0.1,128,go2vec,2,2,cat,32,True,0.5,sum,False,4,True,sum,0.865,True
0.001,0.001,400,10,0.1,128,go2vec,2,2,cat,32,True,0.5,sum,False,4,False,sum,0.877,True
0.001,0.001,400,10,0.1,128,go2vec,2,2,cat,32,True,0.5,mean,False,4,False,sum,0.878,True
0.001,0.001,400,10,0.1,128,go2vec,2,2,cat,32,False,0.5,mean,False,4,False,sum,0.607,False
0.001,0.001,400,10,0.1,128,random,2,2,cat,32,True,0.5,mean,False,4,False,sum,0.876,True
0.001,0.001,400,10,0.1,128,random,2,2,cat,32,True,0.5,mean,False,1,False,sum,0.727,False
0.001,0.001,400,10,0.1,128,random,2,2,cat,32,True,0.5,mean,False,4,False,max,0.484,True
0.001,0.001,400,10,0.1,128,random,2,2,cat,32,False,0.5,mean,False,4,False,max,0.558,True
0.001,0.0001,400,10,0.1,128,random,2,2,cat,32,False,0.5,mean,False,4,False,max,0.403,False
0.001,0.001,400,10,0.1,64,random,2,2,cat,32,False,0.5,mean,False,4,False,max,0.538,False
0.001,0.001,400,10,0.1,128,random,2,1,cat,32,False,0.5,mean,False,4,False,max,0.574,True
0.001,0.001,400,10,0.1,128,random,2,1,cat,32,False,0.5,sum,False,4,False,max,0.553,True
0.001,0.001,400,10,0.1,16,random,2,1,cat,32,False,0.5,sum,False,4,False,max,0.508,False
0.001,0.001,400,10,0.1,128,random,2,0,cat,32,False,0.5,sum,False,4,False,max,0.607,True
0.001,0.001,400,10,0.1,128,random,2,0,cat,32,False,0.0,sum,False,4,False,max,0.826,True
0.001,0.001,400,10,0.1,128,random,0,0,cat,32,False,0.0,sum,False,4,False,max,0.811,True
0.001,0.001,400,10,0.1,16,random,0,0,cat,32,False,0.0,sum,False,4,False,max,0.894,True
0.001,0.001,400,10,0.1,16,random,0,0,False,32,False,0.0,sum,False,4,False,max,0.861,True
0.001,0.001,400,10,0.1,128,random,0,0,False,32,False,0.0,sum,False,4,False,max,0.816,True
0.001,0.001,400,10,0.1,128,random,0,0,False,32,False,0.0,sum,True,4,False,max,0.8,True
0.001,0.001,400,10,0.1,128,go2vec,0,0,False,32,False,0.0,sum,True,4,False,max,0.856,True
0.001,0.001,500,10,0.1,128,go2vec,0,0,False,32,False,0.0,sum,True,4,False,max,0.862,True
0.001,0.001,500,10,0.1,128,go2vec,0,0,False,32,False,0.0,sum,False,4,False,max,0.945,True
0.001,0.01,500,10,0.1,128,go2vec,0,0,False,32,False,0.0,sum,False,4,False,max,0.949,True
0.001,0.01,500,10,0.1,128,go2vec,0,0,False,32,False,0.0,mean,False,4,False,max,0.947,True
0.001,0.01,500,10,0.1,128,go2vec,0,0,False,32,False,0.0,mean,False,4,False,sum,0.5,False
0.001,0.01,500,10,0.1,128,go2vec,0,0,False,32,False,0.0,mean,False,1,False,max,0.88,True
0.001,0.01,500,10,0.1,128,go2vec,0,0,False,32,False,0.0,sum,False,1,False,max,0.899,True
0.001,0.01,300,10,0.1,128,go2vec,0,0,False,32,False,0.0,sum,False,1,False,max,0.899,True
0.001,0.01,300,10,0.1,128,go2vec,0,0,False,32,False,0.3,sum,False,1,False,max,0.9,True
0.001,0.01,300,10,0.1,128,random,0,0,False,32,False,0.3,sum,False,1,False,max,0.669,False
0.001,0.01,300,10,0.1,128,go2vec,0,0,False,32,False,0.3,sum,False,4,False,max,0.788,False
0.001,0.01,300,10,0.1,128,go2vec,0,0,False,64,False,0.3,sum,False,1,False,max,0.897,True
0.001,0.01,300,10,0.1,128,random,0,0,False,64,False,0.3,sum,False,1,False,max,0.666,False
0.001,0.01,300,10,0.1,128,go2vec,0,0,False,64,False,0.3,sum,False,2,False,max,0.926,True
0.001,0.01,300,10,0.1,128,go2vec,0,0,False,64,True,0.3,sum,False,2,False,max,0.499,False
0.001,0.001,300,10,0.1,128,go2vec,0,0,False,64,False,0.3,sum,False,2,False,max,0.941,True
0.001,0.001,300,10,0.1,128,go2vec,0,0,False,64,False,0.3,sum,True,2,False,max,0.891,True
0.001,0.01,300,10,0.1,128,go2vec,0,0,False,64,False,0.3,sum,True,2,False,max,0.893,True
0.001,0.01,300,10,0.1,128,go2vec,0,0,False,64,False,0.3,sum,True,2,True,max,0.892,True
0.001,0.01,300,10,0.1,128,go2vec,0,0,False,32,False,0.3,sum,True,2,True,max,0.894,True
0.001,0.0001,300,10,0.1,128,go2vec,0,0,False,32,False,0.3,sum,True,2,True,max,0.882,False
0.001,0.01,400,10,0.1,128,go2vec,0,0,False,32,False,0.3,sum,True,2,True,max,0.893,True
0.001,0.01,400,10,0.1,128,go2vec,0,0,False,32,False,0.3,sum,False,2,True,max,0.896,True
0.001,0.01,400,10,0.1,128,random,0,0,False,32,False,0.3,sum,False,2,True,max,0.557,False
0.001,0.01,400,10,0.1,128,random,0,0,False,32,False,0.3,sum,False,2,True,max,0.549,False
0.001,0.01,400,10,0.1,128,random,0,0,False,32,False,0.3,sum,False,2,True,max,0.667,False
0.001,0.01,400,10,0.1,128,go2vec,0,0,False,32,False,0.3,mean,False,2,True,max,0.89,True
0.001,0.01,400,10,0.1,128,go2vec,0,0,False,32,False,0.3,mean,False,2,True,sum,0.894,True
0.001,0.01,400,10,0.1,128,go2vec,0,2,False,32,False,0.3,mean,False,2,True,sum,0.589,False
0.001,0.01,400,10,0.1,128,go2vec,0,0,False,32,False,0.3,sum,False,2,True,sum,0.856,True
0.001,0.01,400,10,0.1,128,go2vec,0,0,False,32,False,0.3,sum,True,2,True,sum,0.897,True
0.001,0.001,400,10,0.1,128,go2vec,0,0,False,32,False,0.3,sum,True,2,True,sum,0.883,True
0.001,0.001,400,10,0.1,128,go2vec,0,0,False,64,False,0.3,sum,True,2,True,sum,0.633,False
0.001,0.001,400,10,0.1,128,go2vec,0,1,False,32,False,0.3,sum,True,2,True,sum,0.692,False
0.001,0.001,400,10,0.1,128,go2vec,0,0,False,32,False,0.3,sum,True,3,True,sum,0.846,False
0.001,0.001,400,10,0.1,128,go2vec,0,0,False,16,False,0.3,sum,True,2,True,sum,0.622,False
0.001,0.001,400,10,0.1,128,go2vec,0,0,False,32,False,0.3,sum,False,2,True,sum,0.797,False
0.001,0.001,400,10,0.1,16,go2vec,0,0,False,32,False,0.3,sum,True,2,True,sum,0.914,True
0.001,0.001,400,10,0.1,16,go2vec,0,2,False,32,False,0.3,sum,True,2,True,sum,0.869,False
0.001,0.01,400,10,0.1,16,go2vec,0,0,False,32,False,0.3,sum,True,2,True,sum,0.793,False
0.001,0.001,400,10,0.1,16,go2vec,0,0,False,32,False,0.3,sum,True,2,True,mean,0.902,True
0.001,0.001,400,10,0.1,16,go2vec,0,0,False,32,False,0.3,sum,False,2,True,mean,0.896,True
0.001,0.0001,400,10,0.1,16,go2vec,0,0,False,32,False,0.3,sum,False,2,True,mean,0.837,False
0.001,0.001,400,10,0.1,16,go2vec,0,0,False,32,True,0.3,sum,False,2,True,mean,0.892,True
0.001,0.001,400,10,0.1,16,go2vec,0,0,cat,32,True,0.3,sum,False,2,True,mean,0.901,True
0.001,0.001,400,10,0.1,16,go2vec,0,0,cat,32,True,0.5,sum,False,2,True,mean,0.899,True
0.001,0.001,400,10,0.1,16,go2vec,0,0,cat,32,True,0.5,sum,False,2,False,mean,0.931,True
0.001,0.001,400,10,0.1,16,go2vec,0,0,cat,32,True,0.5,sum,False,2,False,max,0.898,False
0.001,0.001,400,10,0.1,16,go2vec,0,0,cat,32,True,0.5,sum,True,2,False,mean,0.899,False
0.001,0.001,400,10,0.1,16,go2vec,0,0,cat,64,True,0.5,sum,False,2,False,mean,0.937,True
0.001,0.001,400,10,0.1,16,go2vec,0,0,cat,64,True,0.5,sum,False,2,True,mean,0.901,False
0.001,0.001,400,10,0.1,16,go2vec,0,0,cat,64,True,0.5,sum,False,2,True,mean,0.894,False
0.001,0.001,300,10,0.1,16,go2vec,0,0,cat,64,True,0.5,sum,False,2,False,mean,0.935,True
0.001,0.001,300,10,0.1,16,go2vec,0,0,cat,32,True,0.5,sum,False,2,False,mean,0.929,True
0.001,0.001,300,10,0.1,32,go2vec,0,0,cat,32,True,0.5,sum,False,2,False,mean,0.927,True
0.001,0.01,300,10,0.1,32,go2vec,0,0,cat,32,True,0.5,sum,False,2,False,mean,0.935,True
0.001,0.01,300,10,0.1,32,go2vec,0,2,cat,32,True,0.5,sum,False,2,False,mean,0.917,False
0.001,0.01,300,10,0.1,32,go2vec,2,0,cat,32,True,0.5,sum,False,2,False,mean,0.888,False
0.001,0.01,300,10,0.1,32,go2vec,0,0,cat,32,True,0.5,mean,False,2,False,mean,0.93,False
0.001,0.01,300,10,0.1,32,random,0,0,cat,32,True,0.5,sum,False,2,False,mean,0.703,False
0.001,0.01,300,10,0.1,32,random,0,0,cat,32,True,0.5,sum,False,2,False,mean,0.714,False
0.001,0.01,300,10,0.1,32,go2vec,0,0,cat,32,True,0.5,mean,False,2,False,mean,0.933,False
0.001,0.01,300,10,0.1,32,go2vec,0,0,cat,32,True,0.0,sum,False,2,False,mean,0.919,False
0.001,0.01,300,10,0.1,32,go2vec,0,0,cat,32,True,0.0,sum,False,2,False,mean,0.926,False
0.001,0.01,300,10,0.1,32,go2vec,0,0,cat,16,True,0.5,sum,False,2,False,mean,0.927,True
0.001,0.01,300,10,0.1,32,random,0,0,cat,16,True,0.5,sum,False,2,False,mean,0.7,False
0.001,0.01,500,10,0.1,32,go2vec,0,0,cat,16,True,0.5,sum,False,2,False,mean,0.922,True
0.001,0.01,500,10,0.1,32,go2vec,0,1,cat,16,True,0.5,sum,False,2,False,mean,0.923,True
0.001,0.01,500,10,0.1,32,go2vec,0,1,cat,16,False,0.5,sum,False,2,False,mean,0.92,True
0.001,0.01,500,10,0.1,32,go2vec,0,1,cat,16,False,0.0,sum,False,2,False,mean,0.931,True
0.001,0.01,500,10,0.1,32,go2vec,0,1,cat,16,False,0.0,mean,False,2,False,mean,0.927,False
0.001,0.01,500,10,0.1,32,go2vec,0,1,False,16,False,0.0,sum,False,2,False,mean,0.933,True
0.001,0.01,500,10,0.1,32,go2vec,0,1,False,16,False,0.0,sum,False,2,True,mean,0.877,False
0.001,0.01,500,10,0.1,64,go2vec,0,1,False,16,False,0.0,sum,False,2,False,mean,0.931,True
