,weight_decay,lr,epochs,patience,delta,feature_dim,features,pre_process_layers,post_process_layers,layer_connectivity,hidden_channels,batch_norm,dropout,macro_aggregation,L2_norm,msg_passing_layers,normalize_output,heads,add_self_loops,concat,val_auc,accepted,val_auc_random_features
915,0.001,0.0001,500,10,0.1,64,go2vec,0,1,cat,64,True,0.3,sum,False,4,False,2,False,True,0.951,True,0.821
916,0.001,0.0001,400,10,0.1,64,go2vec,0,1,cat,64,True,0.3,sum,False,4,False,2,False,True,0.949,False,0.794
283,0.001,0.001,400,10,0.1,64,go2vec,0,1,False,64,True,0.5,sum,False,3,False,2,False,True,0.948,True,0.732
737,0.001,0.001,500,10,0.1,16,go2vec,0,2,cat,32,True,0.3,mean,False,4,False,3,False,False,0.947,True,0.568
19,0.001,0.001,400,10,0.1,16,go2vec,1,1,sum,128,False,0.3,mean,False,4,False,2,False,True,0.946,True,0.881
459,0.001,0.001,500,10,0.1,16,go2vec,0,0,cat,16,True,0.0,sum,False,3,False,3,False,False,0.946,True,0.789
739,0.001,0.001,500,10,0.1,16,go2vec,0,2,cat,32,True,0.3,mean,True,4,False,3,False,True,0.946,True,0.674
741,0.001,0.001,500,10,0.1,16,go2vec,2,2,cat,32,True,0.3,mean,True,4,False,3,False,True,0.945,True,0.89
820,0.001,0.01,500,10,0.1,128,go2vec,0,1,cat,128,False,0.3,mean,False,4,False,3,False,True,0.945,True,0.793
284,0.001,0.01,400,10,0.1,64,go2vec,0,1,False,64,True,0.5,sum,False,3,False,2,False,True,0.945,True,0.767
821,0.001,0.01,400,10,0.1,128,go2vec,0,1,cat,128,False,0.3,mean,False,4,False,3,False,True,0.945,True,0.848
914,0.001,0.0001,300,10,0.1,64,go2vec,0,1,cat,64,True,0.3,sum,False,4,False,2,False,True,0.945,True,0.81
738,0.001,0.001,500,10,0.1,16,go2vec,0,2,cat,32,True,0.3,mean,True,4,False,3,False,False,0.944,True,0.63
911,0.001,0.0001,300,10,0.1,128,go2vec,0,1,cat,64,True,0.3,sum,False,4,False,2,False,True,0.944,True,0.792
900,0.001,0.001,400,10,0.1,16,go2vec,0,2,cat,128,False,0.0,sum,False,4,False,1,False,True,0.944,True,0.868
20,0.001,0.001,400,10,0.1,16,go2vec,1,1,sum,128,False,0.5,mean,False,4,False,2,False,True,0.942,True,0.861
819,0.001,0.01,500,10,0.1,16,go2vec,0,1,cat,128,False,0.3,mean,False,4,False,3,False,True,0.942,True,0.853
686,0.001,0.01,500,10,0.1,64,go2vec,1,0,sum,64,False,0.0,sum,False,3,False,1,False,True,0.942,True,0.771
902,0.001,0.001,300,10,0.1,16,go2vec,0,2,cat,128,True,0.0,sum,False,4,False,1,False,True,0.941,True,0.555
319,0.001,0.01,500,10,0.1,32,go2vec,1,1,sum,16,False,0.3,sum,False,3,False,3,False,True,0.941,True,0.735
742,0.001,0.001,500,10,0.1,16,go2vec,2,2,sum,32,True,0.3,mean,True,4,False,3,False,True,0.941,True,0.859
16,0.001,0.01,400,10,0.1,16,go2vec,1,1,sum,16,True,0.3,mean,False,4,False,2,False,True,0.941,True,0.845
687,0.001,0.01,500,10,0.1,64,go2vec,1,0,sum,64,False,0.0,mean,False,3,False,1,False,True,0.94,True,0.811
903,0.001,0.001,300,10,0.1,128,go2vec,0,2,cat,128,True,0.0,sum,False,4,False,1,False,True,0.94,True,0.763
823,0.001,0.01,400,10,0.1,128,go2vec,1,1,cat,128,False,0.3,mean,False,4,False,3,False,True,0.94,True,0.764
11,0.001,0.01,500,10,0.1,32,go2vec,1,1,sum,32,False,0.3,mean,False,4,False,1,False,True,0.94,True,0.737
982,0.001,0.001,400,10,0.1,128,go2vec,0,1,sum,64,False,0.5,mean,False,4,False,2,False,True,0.939,True,0.826
690,0.001,0.01,500,10,0.1,64,go2vec,2,0,sum,64,False,0.0,mean,False,4,False,1,False,True,0.939,True,0.867
287,0.001,0.01,400,10,0.1,64,go2vec,0,1,False,64,True,0.5,mean,False,3,False,1,False,True,0.939,True,0.783
824,0.001,0.01,500,10,0.1,128,go2vec,1,1,cat,128,False,0.3,mean,False,4,False,3,False,True,0.939,True,0.874
822,0.001,0.01,300,10,0.1,128,go2vec,0,1,cat,128,False,0.3,mean,False,4,False,3,False,True,0.939,False,0.815
620,0.001,0.001,400,10,0.1,64,go2vec,1,1,sum,32,False,0.3,mean,False,4,False,3,False,True,0.939,True,0.843
904,0.001,0.001,300,10,0.1,128,go2vec,0,2,cat,128,True,0.0,sum,False,4,False,2,False,True,0.938,True,0.551
901,0.001,0.001,400,10,0.1,16,go2vec,0,2,cat,128,True,0.0,sum,False,4,False,1,False,True,0.938,True,0.517
692,0.001,0.01,400,10,0.1,64,go2vec,2,0,sum,64,False,0.0,mean,False,4,False,1,False,True,0.937,True,0.87
685,0.001,0.01,500,10,0.1,64,go2vec,1,0,sum,64,False,0.0,sum,False,3,False,2,False,True,0.937,True,0.73
977,0.001,0.001,400,10,0.1,128,go2vec,2,1,sum,64,False,0.5,sum,False,4,False,2,False,True,0.937,True,0.821
623,0.001,0.001,500,10,0.1,32,go2vec,1,1,sum,32,False,0.3,mean,False,4,False,3,False,True,0.937,True,0.848
282,0.001,0.001,400,10,0.1,64,go2vec,0,1,False,64,False,0.5,sum,False,3,False,2,False,True,0.937,True,0.764
462,0.001,0.001,300,10,0.1,16,go2vec,0,2,cat,16,True,0.0,sum,False,3,False,1,False,False,0.937,True,0.701
917,0.001,0.0001,500,10,0.1,64,go2vec,1,1,cat,64,True,0.3,sum,False,4,False,2,False,True,0.936,True,0.815
621,0.001,0.001,400,10,0.1,32,go2vec,1,1,sum,32,False,0.3,mean,False,4,False,3,False,True,0.936,True,0.839
458,0.001,0.01,500,10,0.1,16,go2vec,0,0,cat,16,True,0.0,sum,False,3,False,3,False,False,0.936,True,0.793
281,0.001,0.001,300,10,0.1,64,go2vec,0,1,False,64,False,0.5,sum,False,3,False,2,False,True,0.936,True,0.761
689,0.001,0.01,500,10,0.1,64,go2vec,2,0,sum,64,False,0.0,mean,False,3,False,1,False,True,0.936,True,0.821
286,0.001,0.01,400,10,0.1,64,go2vec,0,1,False,64,True,0.5,sum,False,3,False,1,False,True,0.936,True,0.717
318,0.001,0.01,500,10,0.1,32,go2vec,1,1,sum,16,False,0.3,sum,False,2,False,3,False,True,0.936,True,0.725
985,0.001,0.001,300,10,0.1,128,go2vec,0,1,sum,64,False,0.5,mean,False,4,False,2,False,True,0.936,True,0.815
909,0.001,0.0001,300,10,0.1,128,go2vec,0,2,cat,64,True,0.3,sum,False,4,False,2,False,True,0.935,True,0.836
905,0.001,0.001,300,10,0.1,128,go2vec,0,2,cat,64,True,0.0,sum,False,4,False,2,False,True,0.935,True,0.464
897,0.001,0.001,400,10,0.1,16,go2vec,0,2,cat,16,False,0.0,sum,False,4,False,1,False,False,0.934,True,0.856
506,0.001,0.001,300,10,0.1,16,go2vec,0,2,sum,128,True,0.0,sum,True,3,False,2,False,True,0.934,True,0.715
986,0.001,0.001,300,10,0.1,128,go2vec,0,1,sum,64,False,0.0,mean,False,4,False,2,False,True,0.934,True,0.828
461,0.001,0.001,500,10,0.1,16,go2vec,0,2,cat,16,True,0.0,sum,False,3,False,1,False,False,0.933,True,0.77
518,0.001,0.0001,500,10,0.1,128,go2vec,0,2,sum,64,True,0.0,sum,False,4,False,2,False,True,0.933,True,0.724
906,0.001,0.0001,300,10,0.1,128,go2vec,0,2,cat,64,True,0.0,sum,False,4,False,2,False,True,0.933,True,0.778
981,0.001,0.001,400,10,0.1,128,go2vec,1,1,sum,64,False,0.5,mean,False,4,False,2,False,True,0.933,True,0.796
688,0.001,0.01,500,10,0.1,64,go2vec,0,0,sum,64,False,0.0,mean,False,3,False,1,False,True,0.933,True,0.748
622,0.001,0.001,300,10,0.1,32,go2vec,1,1,sum,32,False,0.3,mean,False,4,False,3,False,True,0.933,True,0.831
624,0.001,0.001,500,10,0.1,32,go2vec,2,1,sum,32,False,0.3,mean,False,4,False,3,False,True,0.933,True,0.767
500,0.001,0.01,300,10,0.1,16,go2vec,0,2,sum,16,True,0.0,sum,True,2,False,1,False,True,0.932,True,0.482
513,0.001,0.0001,500,10,0.1,128,go2vec,0,2,sum,64,True,0.0,sum,True,3,False,2,False,True,0.932,True,0.707
517,0.001,0.0001,500,10,0.1,128,go2vec,0,2,sum,64,True,0.0,sum,True,4,False,2,False,True,0.932,True,0.709
898,0.001,0.001,400,10,0.1,16,go2vec,0,2,cat,16,False,0.0,sum,False,4,False,1,False,True,0.931,True,0.848
460,0.001,0.001,500,10,0.1,16,go2vec,0,2,cat,16,True,0.0,sum,False,3,False,3,False,False,0.931,True,0.754
894,0.001,0.001,400,10,0.1,16,go2vec,0,2,cat,16,False,0.0,sum,False,3,False,3,False,True,0.931,True,0.818
498,0.001,0.01,300,10,0.1,16,go2vec,0,2,sum,16,True,0.0,mean,False,2,False,1,False,True,0.93,True,0.438
12,0.001,0.01,500,10,0.1,32,go2vec,1,1,sum,16,False,0.3,mean,False,4,False,1,False,True,0.93,True,0.728
980,0.001,0.001,400,10,0.1,128,go2vec,2,1,sum,64,False,0.5,mean,False,4,False,2,False,True,0.929,True,0.779
828,0.001,0.01,500,10,0.1,128,go2vec,1,1,cat,128,False,0.3,mean,False,4,False,3,False,False,0.929,True,0.812
979,0.001,0.001,400,10,0.1,128,go2vec,2,1,sum,64,False,0.5,sum,False,4,False,1,False,True,0.928,False,0.804
219,0.001,0.001,300,10,0.1,64,go2vec,1,2,sum,32,False,0.0,mean,False,4,False,3,False,True,0.928,True,0.841
14,0.001,0.01,400,10,0.1,32,go2vec,1,1,sum,16,True,0.3,mean,False,4,False,1,False,True,0.928,True,0.694
317,0.001,0.01,500,10,0.1,32,go2vec,1,1,sum,16,False,0.3,sum,True,2,False,3,False,True,0.927,True,0.543
501,0.001,0.01,300,10,0.1,16,go2vec,0,2,sum,16,True,0.0,sum,True,2,False,1,False,False,0.927,True,0.659
249,0.001,0.001,500,10,0.1,64,go2vec,1,1,False,64,False,0.3,sum,False,2,False,3,False,True,0.927,True,0.755
15,0.001,0.01,400,10,0.1,16,go2vec,1,1,sum,16,True,0.3,mean,False,4,False,1,False,True,0.927,True,0.799
625,0.001,0.001,300,10,0.1,32,go2vec,2,1,sum,32,False,0.3,mean,False,4,False,3,False,True,0.927,True,0.849
505,0.001,0.001,300,10,0.1,16,go2vec,0,2,sum,16,True,0.0,sum,True,3,False,2,False,True,0.926,True,0.754
295,0.001,0.001,300,10,0.1,64,go2vec,1,1,False,64,True,0.3,mean,False,4,False,1,False,True,0.926,True,0.75
829,0.001,0.01,500,10,0.1,128,go2vec,1,1,cat,16,False,0.3,mean,False,4,False,3,False,False,0.926,True,0.5
693,0.001,0.01,400,10,0.1,64,go2vec,2,0,sum,64,False,0.3,mean,False,4,False,1,False,True,0.926,True,0.857
569,0.001,0.01,500,10,0.1,128,go2vec,0,1,sum,128,False,0.5,mean,False,3,False,3,False,False,0.925,True,0.553
502,0.001,0.01,300,10,0.1,16,go2vec,0,2,sum,16,True,0.0,sum,True,3,False,1,False,False,0.925,True,0.779
907,0.001,0.0001,300,10,0.1,128,go2vec,0,2,cat,64,False,0.0,sum,False,4,False,2,False,True,0.924,True,0.814
514,0.001,0.0001,500,10,0.1,128,go2vec,0,2,sum,64,True,0.3,sum,True,3,False,2,False,True,0.924,True,0.765
499,0.001,0.01,300,10,0.1,16,go2vec,0,2,sum,16,True,0.0,mean,True,2,False,1,False,True,0.923,True,0.681
893,0.001,0.001,400,10,0.1,16,go2vec,0,2,cat,16,False,0.0,mean,False,3,False,3,False,True,0.923,True,0.774
3,0.001,0.01,500,10,0.1,32,go2vec,1,1,sum,32,False,0.3,sum,True,3,False,3,False,True,0.923,True,0.761
503,0.001,0.01,300,10,0.1,16,go2vec,0,2,sum,16,True,0.0,sum,True,3,False,2,False,False,0.923,True,0.749
516,0.001,0.0001,500,10,0.1,128,go2vec,0,2,sum,64,True,0.3,sum,True,4,False,2,False,True,0.922,True,0.639
496,0.001,0.001,300,10,0.1,16,go2vec,0,2,sum,16,True,0.0,mean,False,2,False,1,False,True,0.922,True,0.63
504,0.001,0.01,300,10,0.1,16,go2vec,0,2,sum,16,True,0.0,sum,True,3,False,2,False,True,0.922,True,0.738
567,0.001,0.01,500,10,0.1,128,go2vec,0,1,cat,128,False,0.5,mean,False,3,False,3,False,False,0.921,True,0.5
696,0.001,0.001,400,10,0.1,64,go2vec,2,0,cat,64,False,0.5,mean,False,4,False,1,False,True,0.92,True,0.858
918,0.001,0.0001,300,10,0.1,64,go2vec,1,1,cat,64,True,0.3,sum,False,4,False,2,False,True,0.92,True,0.83
694,0.001,0.001,400,10,0.1,64,go2vec,2,0,sum,64,False,0.3,mean,False,4,False,1,False,True,0.919,True,0.837
466,0.001,0.001,300,10,0.1,16,go2vec,1,2,cat,16,True,0.3,sum,False,4,False,3,False,False,0.919,True,0.836
627,0.001,0.01,300,10,0.1,32,go2vec,2,1,sum,32,False,0.3,mean,True,4,False,3,False,True,0.919,True,0.675
464,0.001,0.001,300,10,0.1,16,go2vec,0,2,cat,16,True,0.3,sum,False,4,False,1,False,False,0.918,True,0.659
25,0.001,0.001,400,10,0.1,16,go2vec,1,1,sum,128,False,0.3,mean,True,2,False,2,False,True,0.918,True,0.76
896,0.001,0.001,400,10,0.1,16,go2vec,0,2,cat,16,False,0.0,sum,False,4,False,3,False,False,0.917,True,0.84
930,0.001,0.0001,300,10,0.1,64,go2vec,1,0,cat,64,True,0.3,mean,False,4,False,2,False,False,0.917,True,0.795
166,0.001,0.0001,400,10,0.1,128,go2vec,2,2,cat,128,True,0.3,mean,True,3,False,3,False,False,0.917,True,0.756
218,0.001,0.001,300,10,0.1,64,go2vec,1,2,sum,32,False,0.0,mean,False,3,False,3,False,True,0.917,True,0.827
463,0.001,0.001,300,10,0.1,16,go2vec,0,2,cat,16,True,0.3,sum,False,3,False,1,False,False,0.917,True,0.706
436,0.001,0.01,500,10,0.1,128,go2vec,0,2,sum,16,True,0.0,mean,True,2,False,3,False,False,0.915,True,0.516
698,0.001,0.01,400,10,0.1,64,go2vec,2,0,cat,64,False,0.5,mean,False,4,False,1,False,True,0.913,True,0.838
921,0.001,0.0001,300,10,0.1,64,go2vec,1,1,cat,64,False,0.3,sum,False,4,False,2,False,True,0.913,True,0.829
895,0.001,0.001,400,10,0.1,16,go2vec,0,2,cat,16,False,0.0,sum,False,3,False,3,False,False,0.913,True,0.764
5,0.001,0.0001,500,10,0.1,32,go2vec,1,1,sum,32,False,0.3,sum,False,3,False,3,False,True,0.912,True,0.803
299,0.001,0.001,300,10,0.1,64,go2vec,1,1,sum,64,True,0.3,mean,True,4,False,1,False,True,0.912,True,0.659
825,0.001,0.01,500,10,0.1,128,go2vec,1,1,cat,128,False,0.3,mean,True,4,False,3,False,True,0.911,False,0.628
465,0.001,0.001,300,10,0.1,16,go2vec,1,2,cat,16,True,0.3,sum,False,4,False,1,False,False,0.911,True,0.77
805,0.001,0.0001,300,10,0.1,32,go2vec,0,2,cat,32,True,0.0,mean,False,4,True,2,False,True,0.911,True,0.79
731,0.001,0.001,300,10,0.1,16,go2vec,0,1,cat,32,False,0.0,sum,False,4,True,3,False,False,0.911,True,0.747
13,0.001,0.01,500,10,0.1,32,go2vec,1,1,sum,16,True,0.3,mean,False,4,False,1,False,True,0.91,True,0.781
437,0.001,0.01,500,10,0.1,128,go2vec,0,2,sum,16,True,0.0,sum,True,2,False,3,False,False,0.91,True,0.635
667,0.001,0.001,400,10,0.1,64,go2vec,1,0,False,64,False,0.0,sum,False,2,False,3,False,False,0.91,True,0.771
727,0.001,0.001,500,10,0.1,16,go2vec,0,0,cat,16,False,0.0,sum,False,4,True,3,False,True,0.91,True,0.845
709,0.001,0.001,300,10,0.1,32,go2vec,2,0,cat,32,True,0.5,sum,True,4,False,2,False,True,0.909,True,0.507
711,0.001,0.001,300,10,0.1,32,go2vec,2,0,cat,16,True,0.5,sum,True,4,False,3,False,True,0.909,True,0.576
300,0.001,0.001,300,10,0.1,64,go2vec,1,1,sum,64,True,0.3,sum,True,4,False,1,False,True,0.909,True,0.609
708,0.001,0.001,300,10,0.1,64,go2vec,2,0,cat,32,True,0.5,sum,True,4,False,2,False,True,0.909,True,0.846
710,0.001,0.001,300,10,0.1,32,go2vec,2,0,cat,32,True,0.5,sum,True,4,False,3,False,True,0.908,True,0.695
629,0.001,0.01,300,10,0.1,32,go2vec,2,1,sum,32,False,0.3,mean,True,4,False,3,False,False,0.908,True,0.817
908,0.001,0.0001,300,10,0.1,128,go2vec,0,2,cat,64,False,0.3,sum,False,4,False,2,False,True,0.908,True,0.795
826,0.001,0.01,500,10,0.1,128,go2vec,1,1,cat,128,False,0.3,mean,True,4,False,3,False,True,0.907,False,0.525
214,0.001,0.001,300,10,0.1,64,go2vec,1,2,sum,32,True,0.3,mean,True,2,False,3,False,True,0.907,True,0.482
680,0.001,0.001,400,10,0.1,64,go2vec,1,0,sum,64,False,0.0,sum,True,3,True,2,False,True,0.906,True,0.738
676,0.001,0.001,400,10,0.1,64,go2vec,1,0,sum,64,False,0.0,sum,True,2,True,2,False,False,0.906,True,0.707
679,0.001,0.001,400,10,0.1,64,go2vec,1,0,sum,64,False,0.0,mean,True,3,True,2,False,True,0.906,True,0.656
728,0.001,0.001,500,10,0.1,16,go2vec,0,0,cat,16,False,0.0,sum,False,4,True,3,False,False,0.906,True,0.787
632,0.001,0.01,400,10,0.1,32,go2vec,2,2,sum,64,False,0.3,mean,True,4,False,3,False,False,0.906,True,0.451
399,0.001,0.001,500,10,0.1,32,go2vec,0,0,sum,32,False,0.5,sum,False,3,True,2,False,True,0.906,True,0.508
725,0.001,0.0001,500,10,0.1,16,go2vec,0,0,cat,16,True,0.0,sum,False,4,True,3,False,True,0.906,True,0.815
707,0.001,0.001,400,10,0.1,64,go2vec,2,0,cat,32,True,0.5,sum,True,4,False,2,False,True,0.906,True,0.572
926,0.001,0.0001,400,10,0.1,64,go2vec,1,2,cat,64,True,0.3,sum,False,4,False,2,False,False,0.905,True,0.816
109,0.001,0.001,500,10,0.1,16,go2vec,1,0,sum,128,False,0.5,sum,False,3,True,1,False,True,0.905,True,0.79
391,0.001,0.01,500,10,0.1,32,go2vec,0,0,False,32,False,0.0,sum,True,3,True,2,False,True,0.905,True,0.779
363,0.001,0.001,500,10,0.1,32,go2vec,1,0,cat,32,False,0.0,mean,False,4,True,1,False,False,0.905,True,0.79
670,0.001,0.001,400,10,0.1,64,go2vec,1,0,sum,64,False,0.0,sum,True,2,False,3,False,False,0.904,True,0.623
165,0.001,0.0001,400,10,0.1,128,go2vec,2,2,cat,128,True,0.3,mean,True,2,False,3,False,False,0.904,True,0.791
167,0.001,0.0001,400,10,0.1,128,go2vec,2,2,cat,128,True,0.3,mean,True,3,False,2,False,False,0.904,True,0.791
927,0.001,0.0001,400,10,0.1,64,go2vec,1,0,cat,64,True,0.3,sum,False,4,False,2,False,False,0.904,True,0.548
450,0.001,0.001,500,10,0.1,16,go2vec,2,2,False,16,False,0.0,sum,False,3,True,3,False,True,0.904,True,0.848
402,0.001,0.001,500,10,0.1,32,go2vec,0,0,sum,32,False,0.5,mean,False,4,True,2,False,False,0.904,True,0.76
403,0.001,0.001,500,10,0.1,32,go2vec,0,0,sum,32,False,0.5,mean,False,4,True,3,False,False,0.904,True,0.723
810,0.001,0.0001,500,10,0.1,16,go2vec,0,2,cat,16,True,0.0,mean,False,4,True,3,False,True,0.903,True,0.744
225,0.001,0.001,500,10,0.1,32,go2vec,2,2,sum,32,False,0.0,mean,False,4,True,3,False,True,0.903,True,0.838
729,0.001,0.001,500,10,0.1,16,go2vec,0,0,cat,32,False,0.0,sum,False,4,True,3,False,False,0.903,True,0.765
392,0.001,0.01,500,10,0.1,32,go2vec,0,0,False,32,False,0.3,sum,True,3,True,2,False,True,0.903,True,0.749
677,0.001,0.001,400,10,0.1,64,go2vec,1,0,sum,64,False,0.0,sum,True,2,True,2,False,True,0.903,True,0.607
404,0.001,0.001,500,10,0.1,32,go2vec,0,0,sum,32,False,0.5,mean,False,4,True,3,False,True,0.903,True,0.572
682,0.001,0.001,500,10,0.1,64,go2vec,1,0,sum,64,False,0.0,sum,False,3,True,2,False,True,0.903,True,0.761
224,0.001,0.001,400,10,0.1,32,go2vec,2,2,sum,32,False,0.0,mean,False,4,True,3,False,True,0.902,True,0.837
433,0.001,0.01,300,10,0.1,128,go2vec,0,1,sum,16,True,0.5,mean,True,2,False,3,False,False,0.902,True,0.524
401,0.001,0.001,500,10,0.1,32,go2vec,0,0,sum,32,False,0.5,mean,False,3,True,2,False,False,0.902,True,0.706
31,0.001,0.001,400,10,0.1,128,go2vec,2,1,sum,128,False,0.3,mean,True,2,True,2,False,True,0.902,True,0.688
675,0.001,0.001,400,10,0.1,64,go2vec,1,0,sum,64,False,0.0,sum,False,2,True,2,False,False,0.902,True,0.528
361,0.001,0.001,400,10,0.1,32,go2vec,1,0,cat,32,False,0.5,mean,False,4,True,1,False,False,0.902,True,0.781
913,0.001,0.0001,300,10,0.1,128,go2vec,0,1,cat,64,True,0.3,sum,False,4,True,2,False,True,0.902,False,0.832
558,0.001,0.0001,400,10,0.1,128,go2vec,2,2,cat,128,True,0.3,mean,False,2,False,2,False,False,0.902,True,0.734
631,0.001,0.01,300,10,0.1,32,go2vec,2,2,sum,64,False,0.3,mean,True,4,False,3,False,False,0.902,True,0.582
830,0.001,0.01,500,10,0.1,128,go2vec,1,2,cat,16,False,0.3,mean,False,4,False,3,False,False,0.902,True,0.5
273,0.001,0.001,300,10,0.1,64,go2vec,0,0,False,64,False,0.5,sum,False,2,False,3,False,False,0.902,True,0.64
110,0.001,0.001,500,10,0.1,16,go2vec,1,0,sum,128,True,0.5,sum,False,3,True,1,False,True,0.902,True,0.783
842,0.001,0.01,500,10,0.1,128,go2vec,0,0,sum,16,True,0.5,sum,True,4,True,3,False,True,0.902,True,0.507
30,0.001,0.001,300,10,0.1,128,go2vec,2,1,sum,128,False,0.3,mean,True,2,True,2,False,True,0.901,True,0.502
724,0.001,0.0001,500,10,0.1,16,go2vec,0,0,cat,16,True,0.0,sum,True,4,True,3,False,True,0.901,True,0.581
316,0.001,0.01,500,10,0.1,32,go2vec,1,1,sum,16,False,0.5,sum,True,2,False,3,False,True,0.901,True,0.667
362,0.001,0.001,500,10,0.1,32,go2vec,1,0,cat,32,False,0.5,mean,False,4,True,1,False,False,0.901,True,0.793
730,0.001,0.001,500,10,0.1,16,go2vec,0,1,cat,32,False,0.0,sum,False,4,True,3,False,False,0.901,True,0.814
507,0.001,0.001,300,10,0.1,16,go2vec,0,2,sum,128,False,0.0,sum,True,3,False,2,False,True,0.901,True,0.639
695,0.001,0.001,400,10,0.1,64,go2vec,2,0,sum,64,False,0.5,mean,False,4,False,1,False,True,0.901,True,0.83
808,0.001,0.0001,500,10,0.1,32,go2vec,0,2,cat,16,True,0.0,mean,False,4,True,2,False,True,0.901,True,0.779
100,0.001,0.001,500,10,0.1,16,go2vec,1,0,sum,16,False,0.5,mean,True,2,True,3,False,True,0.9,True,0.743
705,0.001,0.001,400,10,0.1,64,go2vec,2,0,cat,64,False,0.5,sum,True,4,False,2,False,True,0.9,True,0.758
813,0.001,0.01,500,10,0.1,16,go2vec,0,2,cat,128,False,0.0,mean,False,4,True,3,False,True,0.9,True,0.754
831,0.001,0.01,300,10,0.1,128,go2vec,1,2,cat,16,False,0.3,mean,False,4,False,3,False,False,0.9,True,0.5
669,0.001,0.001,400,10,0.1,64,go2vec,1,0,cat,64,False,0.0,sum,True,2,False,3,False,False,0.9,True,0.66
454,0.001,0.001,500,10,0.1,16,go2vec,0,2,cat,16,False,0.0,sum,False,3,True,3,False,False,0.9,True,0.769
152,0.001,0.0001,300,10,0.1,128,go2vec,1,2,False,128,False,0.0,mean,True,3,True,2,False,True,0.899,True,0.857
400,0.001,0.001,500,10,0.1,32,go2vec,0,0,sum,32,False,0.5,mean,False,3,True,2,False,True,0.899,True,0.725
626,0.001,0.001,300,10,0.1,32,go2vec,2,1,sum,32,False,0.3,mean,True,4,False,3,False,True,0.899,True,0.767
185,0.001,0.001,500,10,0.1,128,go2vec,2,2,False,128,True,0.3,mean,False,4,False,2,False,True,0.899,True,0.705
649,0.001,0.001,300,10,0.1,64,go2vec,1,0,sum,64,False,0.5,sum,False,2,True,3,False,True,0.899,True,0.726
360,0.001,0.001,400,10,0.1,32,go2vec,1,0,cat,32,False,0.5,mean,False,4,True,3,False,False,0.898,True,0.769
630,0.001,0.01,300,10,0.1,32,go2vec,2,1,sum,64,False,0.3,mean,True,4,False,3,False,False,0.898,True,0.818
335,0.001,0.01,400,10,0.1,16,go2vec,2,0,sum,32,False,0.3,sum,True,3,True,3,False,False,0.898,True,0.695
809,0.001,0.0001,500,10,0.1,16,go2vec,0,2,cat,16,True,0.0,mean,False,4,True,2,False,True,0.898,True,0.772
678,0.001,0.001,400,10,0.1,64,go2vec,1,0,sum,64,False,0.0,mean,True,2,True,2,False,True,0.898,True,0.64
53,0.001,0.001,400,10,0.1,128,go2vec,1,0,False,16,False,0.5,sum,True,4,False,2,False,True,0.898,True,0.721
26,0.001,0.001,400,10,0.1,16,go2vec,1,1,sum,128,False,0.3,mean,True,2,True,2,False,True,0.898,True,0.705
674,0.001,0.001,400,10,0.1,64,go2vec,1,0,sum,64,False,0.0,sum,False,2,True,3,False,False,0.897,True,0.521
111,0.001,0.001,400,10,0.1,16,go2vec,1,0,sum,128,True,0.5,sum,False,3,True,1,False,True,0.897,True,0.555
414,0.001,0.01,400,10,0.1,16,go2vec,0,0,sum,128,False,0.0,mean,False,4,True,3,False,True,0.897,True,0.822
684,0.001,0.01,500,10,0.1,64,go2vec,1,0,sum,64,False,0.0,sum,False,3,True,2,False,True,0.897,True,0.826
944,0.001,0.01,300,10,0.1,128,go2vec,0,0,sum,64,False,0.3,mean,True,3,True,2,False,False,0.897,True,0.521
158,0.001,0.001,300,10,0.1,128,go2vec,2,0,cat,128,False,0.0,mean,True,2,True,2,False,False,0.897,True,0.707
265,0.001,0.001,300,10,0.1,64,go2vec,0,1,cat,64,True,0.5,sum,False,2,True,1,False,False,0.897,True,0.655
68,0.001,0.001,500,10,0.1,16,go2vec,2,0,cat,16,False,0.0,sum,True,3,True,3,False,False,0.897,True,0.796
706,0.001,0.001,400,10,0.1,64,go2vec,2,0,cat,32,False,0.5,sum,True,4,False,2,False,True,0.897,True,0.714
222,0.001,0.001,500,10,0.1,32,go2vec,1,2,sum,32,False,0.0,mean,False,4,True,3,False,True,0.897,True,0.833
267,0.001,0.001,300,10,0.1,64,go2vec,0,1,cat,64,False,0.5,sum,False,2,True,3,False,False,0.897,True,0.65
227,0.001,0.01,500,10,0.1,32,go2vec,2,2,sum,32,False,0.0,mean,True,4,True,3,False,True,0.897,True,0.816
723,0.001,0.0001,400,10,0.1,16,go2vec,0,0,cat,16,True,0.0,sum,True,4,True,3,False,True,0.896,True,0.785
415,0.001,0.01,400,10,0.1,16,go2vec,0,0,sum,128,True,0.0,mean,False,4,True,3,False,True,0.896,True,0.493
453,0.001,0.001,500,10,0.1,16,go2vec,2,2,cat,16,False,0.0,sum,False,3,True,3,False,False,0.896,True,0.81
947,0.001,0.01,300,10,0.1,128,go2vec,1,0,False,64,False,0.3,mean,True,3,True,2,False,False,0.896,True,0.817
322,0.001,0.01,400,10,0.1,16,go2vec,1,1,sum,16,False,0.3,sum,False,3,True,3,False,True,0.896,True,0.797
328,0.001,0.01,400,10,0.1,16,go2vec,2,1,sum,16,True,0.3,sum,True,3,True,3,False,True,0.896,True,0.767
671,0.001,0.001,400,10,0.1,64,go2vec,1,0,sum,64,False,0.0,sum,True,2,True,3,False,False,0.896,True,0.488
456,0.001,0.01,500,10,0.1,16,go2vec,0,0,cat,16,False,0.0,sum,False,3,True,3,False,False,0.895,True,0.749
942,0.001,0.01,300,10,0.1,128,go2vec,0,0,sum,64,False,0.3,mean,True,4,True,2,False,True,0.895,True,0.505
326,0.001,0.01,400,10,0.1,16,go2vec,2,1,sum,16,False,0.3,sum,True,3,True,3,False,True,0.895,True,0.613
681,0.001,0.001,400,10,0.1,64,go2vec,1,0,sum,64,False,0.0,sum,False,3,True,2,False,True,0.895,True,0.769
221,0.001,0.001,300,10,0.1,32,go2vec,1,2,sum,32,False,0.0,mean,False,4,True,3,False,True,0.895,True,0.802
268,0.001,0.001,300,10,0.1,64,go2vec,0,1,cat,64,False,0.5,sum,True,2,True,3,False,False,0.894,True,0.512
266,0.001,0.001,300,10,0.1,64,go2vec,0,1,cat,64,True,0.5,sum,False,2,True,3,False,False,0.894,True,0.571
814,0.001,0.01,500,10,0.1,16,go2vec,0,2,cat,128,False,0.3,mean,False,4,True,3,False,True,0.894,True,0.807
106,0.001,0.01,500,10,0.1,16,go2vec,1,0,sum,16,False,0.5,sum,False,3,True,1,False,False,0.894,True,0.725
220,0.001,0.001,300,10,0.1,64,go2vec,1,2,sum,32,False,0.0,mean,False,4,True,3,False,True,0.894,True,0.793
411,0.001,0.0001,400,10,0.1,16,go2vec,0,0,sum,128,True,0.5,mean,False,4,True,3,False,True,0.894,True,0.833
107,0.001,0.01,500,10,0.1,16,go2vec,1,0,sum,16,False,0.5,sum,False,3,True,1,False,True,0.893,True,0.778
435,0.001,0.01,500,10,0.1,128,go2vec,0,2,sum,16,True,0.5,mean,True,2,False,3,False,False,0.893,True,0.504
108,0.001,0.001,500,10,0.1,16,go2vec,1,0,sum,16,False,0.5,sum,False,3,True,1,False,True,0.893,True,0.77
357,0.001,0.01,400,10,0.1,32,go2vec,1,1,cat,32,False,0.5,mean,False,4,False,3,False,False,0.893,True,0.694
55,0.001,0.001,400,10,0.1,16,go2vec,1,0,False,16,True,0.5,sum,True,4,False,2,False,True,0.893,True,0.839
806,0.001,0.0001,300,10,0.1,32,go2vec,0,2,cat,16,True,0.0,mean,False,4,True,2,False,True,0.893,True,0.763
231,0.001,0.01,500,10,0.1,32,go2vec,2,0,sum,64,False,0.0,mean,True,4,True,3,False,False,0.893,True,0.796
987,0.001,0.0001,300,10,0.1,128,go2vec,0,1,sum,64,False,0.0,mean,False,4,False,2,False,True,0.893,False,0.661
817,0.001,0.01,500,10,0.1,16,go2vec,0,1,cat,128,False,0.3,mean,False,4,True,3,False,True,0.893,True,0.809
389,0.001,0.01,300,10,0.1,32,go2vec,0,0,False,32,False,0.0,sum,True,3,True,2,False,True,0.893,True,0.769
457,0.001,0.01,500,10,0.1,16,go2vec,0,0,cat,16,True,0.0,sum,False,3,True,3,False,False,0.893,True,0.531
618,0.001,0.001,400,10,0.1,64,go2vec,1,1,sum,32,False,0.3,mean,False,3,True,3,False,True,0.893,True,0.751
210,0.001,0.01,300,10,0.1,64,go2vec,1,2,sum,64,False,0.0,mean,True,2,False,3,False,True,0.893,True,0.481
119,0.001,0.0001,400,10,0.1,128,go2vec,1,0,sum,64,True,0.0,sum,False,4,True,2,False,True,0.892,True,0.504
223,0.001,0.001,400,10,0.1,32,go2vec,1,2,sum,32,False,0.0,mean,False,4,True,3,False,True,0.892,True,0.819
492,0.001,0.01,300,10,0.1,16,go2vec,0,2,False,16,True,0.3,mean,False,2,False,1,False,True,0.892,True,0.643
943,0.001,0.01,300,10,0.1,128,go2vec,0,0,sum,64,False,0.3,mean,True,3,True,2,False,True,0.892,True,0.582
449,0.001,0.001,500,10,0.1,16,go2vec,2,2,False,16,False,0.0,sum,False,4,True,3,False,True,0.892,True,0.881
398,0.001,0.001,500,10,0.1,32,go2vec,0,0,sum,32,False,0.5,sum,True,3,True,2,False,True,0.892,True,0.52
216,0.001,0.001,300,10,0.1,64,go2vec,1,2,sum,32,False,0.3,mean,True,3,False,3,False,True,0.892,True,0.491
23,0.001,0.001,400,10,0.1,16,go2vec,1,1,sum,128,False,0.3,mean,False,1,False,2,False,True,0.891,True,0.562
323,0.001,0.01,300,10,0.1,16,go2vec,1,1,sum,16,False,0.3,sum,False,3,True,3,False,True,0.891,True,0.547
253,0.001,0.001,500,10,0.1,64,go2vec,1,1,cat,64,False,0.3,sum,False,1,False,3,False,False,0.891,True,0.511
339,0.001,0.01,400,10,0.1,16,go2vec,2,0,sum,32,False,0.5,mean,False,3,False,3,False,False,0.891,True,0.821
941,0.001,0.01,300,10,0.1,128,go2vec,0,0,sum,64,True,0.3,mean,True,4,True,2,False,True,0.891,True,0.509
269,0.001,0.001,300,10,0.1,64,go2vec,0,1,sum,64,False,0.5,sum,True,2,True,3,False,False,0.891,True,0.623
988,0.001,0.0001,300,10,0.1,128,go2vec,0,1,sum,64,False,0.0,mean,False,4,False,2,False,True,0.891,False,0.642
735,0.001,0.001,500,10,0.1,16,go2vec,0,2,cat,32,True,0.3,sum,False,4,True,3,False,False,0.891,True,0.84
619,0.001,0.001,400,10,0.1,64,go2vec,1,1,sum,32,False,0.3,mean,False,4,True,3,False,True,0.891,True,0.773
275,0.001,0.001,300,10,0.1,64,go2vec,0,1,False,64,False,0.5,sum,False,2,False,2,False,False,0.89,True,0.573
70,0.001,0.001,500,10,0.1,16,go2vec,2,0,cat,16,False,0.0,sum,True,4,True,2,False,False,0.89,True,0.83
209,0.001,0.01,300,10,0.1,64,go2vec,1,2,sum,64,False,0.0,mean,True,2,False,2,False,True,0.89,True,0.482
726,0.001,0.001,500,10,0.1,16,go2vec,0,0,cat,16,True,0.0,sum,False,4,True,3,False,True,0.89,True,0.624
614,0.001,0.001,400,10,0.1,64,go2vec,1,1,sum,32,False,0.5,mean,True,2,True,3,False,True,0.89,True,0.519
928,0.001,0.0001,300,10,0.1,64,go2vec,1,0,cat,64,True,0.3,sum,False,4,False,2,False,False,0.89,True,0.792
673,0.001,0.001,400,10,0.1,64,go2vec,1,2,sum,64,False,0.0,sum,False,2,True,3,False,False,0.89,True,0.693
56,0.001,0.001,400,10,0.1,16,go2vec,1,0,False,16,True,0.5,sum,True,3,False,2,False,True,0.889,True,0.639
212,0.001,0.001,300,10,0.1,64,go2vec,1,2,sum,32,False,0.0,mean,True,2,False,3,False,True,0.889,True,0.588
579,0.001,0.01,500,10,0.1,128,go2vec,0,1,False,128,False,0.5,sum,False,4,True,2,False,True,0.889,True,0.787
69,0.001,0.001,500,10,0.1,16,go2vec,2,0,cat,16,False,0.0,sum,True,4,True,3,False,False,0.889,True,0.818
117,0.001,0.0001,400,10,0.1,128,go2vec,1,0,sum,64,False,0.0,sum,False,3,True,2,False,True,0.889,True,0.785
118,0.001,0.0001,400,10,0.1,128,go2vec,1,0,sum,64,True,0.0,sum,False,3,True,2,False,True,0.889,True,0.478
736,0.001,0.001,500,10,0.1,16,go2vec,0,2,cat,32,True,0.3,mean,False,4,True,3,False,False,0.889,True,0.554
301,0.001,0.001,300,10,0.1,64,go2vec,1,1,sum,64,True,0.3,sum,True,4,False,1,False,False,0.888,True,0.602
721,0.001,0.0001,500,10,0.1,16,go2vec,2,0,cat,16,True,0.0,sum,True,4,True,3,False,True,0.888,True,0.786
103,0.001,0.01,500,10,0.1,16,go2vec,1,0,sum,16,False,0.5,sum,False,2,True,3,False,True,0.888,True,0.676
334,0.001,0.01,500,10,0.1,16,go2vec,2,0,sum,32,False,0.3,sum,True,3,True,3,False,False,0.888,True,0.769
578,0.001,0.01,500,10,0.1,128,go2vec,0,1,False,128,False,0.5,sum,False,3,True,2,False,True,0.888,True,0.576
664,0.001,0.001,400,10,0.1,64,go2vec,0,0,False,64,True,0.0,sum,False,2,False,1,False,False,0.887,True,0.631
549,0.001,0.01,400,10,0.1,128,go2vec,0,1,False,128,False,0.3,mean,False,3,True,2,False,True,0.887,True,0.749
467,0.001,0.001,300,10,0.1,16,go2vec,1,2,cat,16,False,0.3,sum,False,4,False,3,False,False,0.887,True,0.823
387,0.001,0.01,300,10,0.1,32,go2vec,1,0,False,32,False,0.0,sum,True,2,True,2,False,True,0.887,True,0.762
382,0.001,0.001,300,10,0.1,32,go2vec,2,0,False,32,False,0.0,mean,True,2,False,3,False,True,0.887,True,0.765
82,0.001,0.001,500,10,0.1,16,go2vec,2,0,False,16,True,0.0,mean,False,4,False,1,False,True,0.887,True,0.545
732,0.001,0.001,300,10,0.1,16,go2vec,0,1,cat,32,True,0.0,sum,False,4,True,3,False,False,0.886,True,0.77
33,0.001,0.01,400,10,0.1,128,go2vec,2,1,sum,128,False,0.3,mean,False,2,True,2,False,True,0.886,True,0.736
938,0.001,0.01,300,10,0.1,64,go2vec,0,0,sum,64,True,0.3,mean,True,4,True,2,False,True,0.886,True,0.614
320,0.001,0.01,500,10,0.1,32,go2vec,1,1,sum,16,False,0.3,sum,False,3,True,3,False,True,0.886,True,0.788
546,0.001,0.01,400,10,0.1,64,go2vec,0,1,False,128,True,0.3,mean,False,3,True,2,False,True,0.886,True,0.428
935,0.001,0.0001,300,10,0.1,64,go2vec,0,0,cat,64,True,0.3,mean,True,4,True,2,False,True,0.886,True,0.806
733,0.001,0.001,300,10,0.1,16,go2vec,0,2,cat,32,True,0.0,sum,False,4,True,3,False,False,0.886,True,0.753
413,0.001,0.01,400,10,0.1,16,go2vec,0,0,sum,128,False,0.5,mean,False,4,True,3,False,True,0.886,True,0.761
647,0.001,0.001,300,10,0.1,32,go2vec,1,0,sum,64,True,0.5,sum,False,2,True,3,False,True,0.886,True,0.505
32,0.001,0.001,400,10,0.1,128,go2vec,2,1,sum,128,False,0.3,mean,False,2,True,2,False,True,0.885,True,0.51
321,0.001,0.01,500,10,0.1,16,go2vec,1,1,sum,16,False,0.3,sum,False,3,True,3,False,True,0.885,True,0.595
215,0.001,0.001,300,10,0.1,64,go2vec,1,2,sum,32,False,0.3,mean,True,2,False,3,False,True,0.885,True,0.49
495,0.001,0.001,300,10,0.1,16,go2vec,0,2,False,16,True,0.0,mean,False,2,False,1,False,True,0.885,True,0.605
155,0.001,0.0001,300,10,0.1,128,go2vec,2,2,False,128,False,0.0,mean,True,2,True,2,False,False,0.884,True,0.791
174,0.001,0.0001,400,10,0.1,128,go2vec,2,1,False,128,False,0.3,mean,True,3,True,2,False,False,0.884,True,0.786
288,0.001,0.01,400,10,0.1,64,go2vec,2,1,False,64,True,0.5,mean,False,3,False,1,False,True,0.884,True,0.64
803,0.001,0.001,300,10,0.1,32,go2vec,0,2,cat,32,True,0.0,mean,False,4,True,2,False,False,0.884,True,0.706
796,0.001,0.0001,300,10,0.1,32,go2vec,0,2,cat,32,True,0.0,sum,True,4,True,1,False,True,0.884,True,0.794
226,0.001,0.001,500,10,0.1,32,go2vec,2,2,sum,32,False,0.0,mean,True,4,True,3,False,True,0.884,True,0.813
434,0.001,0.01,300,10,0.1,128,go2vec,0,2,sum,16,True,0.5,mean,True,2,False,3,False,False,0.883,True,0.485
799,0.001,0.001,300,10,0.1,32,go2vec,0,2,cat,32,True,0.0,sum,False,4,True,1,False,True,0.883,True,0.744
340,0.001,0.01,400,10,0.1,16,go2vec,2,0,sum,32,False,0.5,mean,False,3,False,3,False,True,0.883,True,0.808
978,0.001,0.001,400,10,0.1,128,go2vec,2,1,sum,64,False,0.5,sum,False,4,True,2,False,True,0.883,False,0.756
324,0.001,0.01,300,10,0.1,16,go2vec,2,1,sum,16,False,0.3,sum,False,3,True,3,False,True,0.883,True,0.611
256,0.001,0.01,500,10,0.1,64,go2vec,2,2,cat,64,False,0.3,sum,False,1,False,3,False,False,0.883,True,0.5
801,0.001,0.001,300,10,0.1,32,go2vec,0,2,cat,32,True,0.0,mean,False,4,True,1,False,False,0.883,True,0.744
238,0.001,0.01,500,10,0.1,32,go2vec,2,1,sum,64,True,0.3,sum,True,4,False,3,False,False,0.883,True,0.62
715,0.001,0.0001,300,10,0.1,32,go2vec,2,0,cat,16,True,0.0,sum,True,4,False,3,False,True,0.883,True,0.744
932,0.001,0.0001,300,10,0.1,64,go2vec,1,0,cat,64,True,0.3,mean,True,4,True,2,False,False,0.883,True,0.813
933,0.001,0.0001,300,10,0.1,64,go2vec,1,0,cat,64,True,0.3,mean,True,4,True,2,False,True,0.882,True,0.829
722,0.001,0.0001,400,10,0.1,16,go2vec,2,0,cat,16,True,0.0,sum,True,4,True,3,False,True,0.882,True,0.742
794,0.001,0.0001,300,10,0.1,32,go2vec,0,2,sum,32,True,0.0,sum,True,4,True,1,False,True,0.882,True,0.654
325,0.001,0.01,400,10,0.1,16,go2vec,2,1,sum,16,False,0.3,sum,False,3,True,3,False,True,0.882,True,0.74
439,0.001,0.01,500,10,0.1,128,go2vec,0,2,sum,16,True,0.0,sum,False,2,True,3,False,False,0.881,True,0.511
798,0.001,0.001,300,10,0.1,32,go2vec,0,2,cat,32,True,0.0,sum,True,4,True,1,False,True,0.881,True,0.516
544,0.001,0.0001,400,10,0.1,64,go2vec,0,1,False,128,True,0.3,mean,False,2,True,2,False,True,0.881,True,0.59
577,0.001,0.01,500,10,0.1,128,go2vec,0,1,False,128,False,0.5,mean,False,3,True,2,False,True,0.881,True,0.572
936,0.001,0.0001,300,10,0.1,64,go2vec,0,0,sum,64,True,0.3,mean,True,4,True,2,False,True,0.881,True,0.796
455,0.001,0.01,500,10,0.1,16,go2vec,0,2,cat,16,False,0.0,sum,False,3,True,3,False,False,0.88,True,0.5
946,0.001,0.01,300,10,0.1,128,go2vec,0,0,False,64,False,0.3,mean,True,3,True,2,False,False,0.88,True,0.739
922,0.001,0.0001,300,10,0.1,64,go2vec,1,1,cat,64,False,0.3,sum,False,4,False,2,False,False,0.88,False,0.755
40,0.001,0.01,500,10,0.1,128,go2vec,2,0,sum,16,False,0.3,mean,False,2,True,2,False,False,0.879,True,0.721
719,0.001,0.0001,300,10,0.1,32,go2vec,2,0,cat,16,True,0.0,sum,True,4,True,3,False,True,0.879,True,0.822
41,0.001,0.01,400,10,0.1,128,go2vec,2,0,sum,16,False,0.3,mean,False,2,True,2,False,False,0.879,True,0.739
388,0.001,0.01,300,10,0.1,32,go2vec,0,0,False,32,False,0.0,sum,True,2,True,2,False,True,0.879,True,0.5
604,0.001,0.0001,500,10,0.1,128,go2vec,1,1,sum,128,False,0.3,mean,True,2,True,2,False,True,0.878,True,0.762
800,0.001,0.001,300,10,0.1,32,go2vec,0,2,cat,32,True,0.0,mean,False,4,True,1,False,True,0.878,True,0.753
22,0.001,0.001,400,10,0.1,16,go2vec,1,1,sum,128,False,0.5,mean,False,1,False,2,False,True,0.878,True,0.542
617,0.001,0.001,400,10,0.1,64,go2vec,1,1,sum,32,False,0.3,mean,True,3,True,3,False,True,0.878,True,0.692
793,0.001,0.001,300,10,0.1,32,go2vec,0,2,sum,32,True,0.0,sum,True,4,True,1,False,True,0.878,True,0.625
254,0.001,0.001,500,10,0.1,64,go2vec,2,1,cat,64,False,0.3,sum,False,1,False,3,False,False,0.878,True,0.535
156,0.001,0.0001,300,10,0.1,128,go2vec,2,2,cat,128,False,0.0,mean,True,2,True,2,False,False,0.878,True,0.715
784,0.001,0.001,400,10,0.1,32,go2vec,2,2,sum,32,True,0.5,mean,True,3,False,2,False,True,0.878,True,0.588
54,0.001,0.001,400,10,0.1,16,go2vec,1,0,False,16,False,0.5,sum,True,4,False,2,False,True,0.878,True,0.789
451,0.001,0.001,500,10,0.1,16,go2vec,2,2,False,16,False,0.0,sum,False,3,True,3,False,False,0.877,True,0.754
931,0.001,0.0001,300,10,0.1,64,go2vec,1,0,cat,64,True,0.3,mean,False,4,True,2,False,False,0.877,True,0.804
6,0.001,0.0001,500,10,0.1,32,go2vec,1,1,sum,32,False,0.3,mean,False,3,False,3,False,True,0.877,True,0.745
232,0.001,0.01,300,10,0.1,32,go2vec,2,0,sum,64,False,0.0,mean,True,4,True,3,False,False,0.877,True,0.793
93,0.001,0.01,300,10,0.1,16,go2vec,1,0,False,16,False,0.0,mean,True,2,True,3,False,True,0.877,True,0.762
101,0.001,0.01,500,10,0.1,16,go2vec,1,0,sum,16,False,0.5,mean,True,2,True,3,False,True,0.877,True,0.743
177,0.001,0.0001,400,10,0.1,128,go2vec,2,2,False,128,False,0.3,mean,True,3,True,2,False,True,0.877,True,0.746
616,0.001,0.001,400,10,0.1,64,go2vec,1,1,sum,32,False,0.5,mean,True,3,True,3,False,True,0.876,True,0.677
154,0.001,0.0001,300,10,0.1,128,go2vec,1,2,False,128,False,0.0,mean,True,2,True,2,False,False,0.876,True,0.613
134,0.001,0.001,300,10,0.1,64,go2vec,2,1,sum,128,False,0.5,sum,False,1,False,2,False,False,0.876,True,0.552
384,0.001,0.01,300,10,0.1,32,go2vec,2,0,False,32,False,0.0,mean,True,2,True,3,False,True,0.876,True,0.764
923,0.001,0.0001,300,10,0.1,64,go2vec,1,1,cat,64,False,0.3,sum,False,4,False,2,False,False,0.875,True,0.753
336,0.001,0.01,400,10,0.1,16,go2vec,2,0,sum,32,False,0.5,sum,True,3,True,3,False,False,0.875,True,0.768
747,0.001,0.0001,500,10,0.1,32,go2vec,2,2,sum,32,True,0.3,mean,True,2,False,3,False,True,0.875,True,0.759
672,0.001,0.001,400,10,0.1,64,go2vec,1,2,sum,64,False,0.0,sum,True,2,True,3,False,False,0.874,True,0.578
925,0.001,0.0001,400,10,0.1,64,go2vec,1,2,cat,64,False,0.3,sum,False,4,False,2,False,False,0.874,True,0.773
468,0.001,0.001,300,10,0.1,16,go2vec,1,2,cat,16,False,0.3,sum,True,4,False,3,False,False,0.874,True,0.786
274,0.001,0.001,300,10,0.1,64,go2vec,0,1,False,64,False,0.5,sum,False,2,False,3,False,False,0.874,True,0.609
359,0.001,0.001,400,10,0.1,32,go2vec,1,1,cat,32,False,0.5,mean,False,4,True,3,False,False,0.873,True,0.737
337,0.001,0.01,400,10,0.1,16,go2vec,2,0,sum,32,False,0.5,mean,True,3,True,3,False,False,0.873,True,0.579
203,0.001,0.0001,400,10,0.1,128,go2vec,1,2,sum,128,True,0.0,mean,True,2,False,2,False,False,0.873,True,0.576
847,0.001,0.001,500,10,0.1,16,go2vec,0,0,sum,16,True,0.5,sum,True,2,True,3,False,True,0.873,True,0.545
841,0.001,0.01,500,10,0.1,128,go2vec,0,0,cat,16,True,0.5,sum,True,4,True,3,False,True,0.873,True,0.561
207,0.001,0.01,400,10,0.1,128,go2vec,1,2,sum,64,False,0.0,mean,True,2,False,2,False,True,0.873,True,0.491
358,0.001,0.01,400,10,0.1,32,go2vec,1,1,cat,32,False,0.5,mean,False,4,True,3,False,False,0.873,True,0.745
153,0.001,0.0001,300,10,0.1,128,go2vec,1,2,False,128,False,0.0,mean,True,2,True,2,False,True,0.872,True,0.594
179,0.001,0.0001,400,10,0.1,128,go2vec,2,2,False,128,False,0.3,sum,True,4,True,2,False,True,0.872,True,0.785
178,0.001,0.0001,400,10,0.1,128,go2vec,2,2,False,128,False,0.3,sum,True,3,True,2,False,True,0.872,True,0.757
714,0.001,0.0001,300,10,0.1,32,go2vec,2,0,cat,16,False,0.0,sum,True,4,False,3,False,True,0.872,True,0.796
102,0.001,0.01,500,10,0.1,16,go2vec,1,0,sum,16,False,0.5,mean,False,2,True,3,False,True,0.872,True,0.672
438,0.001,0.01,500,10,0.1,128,go2vec,0,2,sum,16,True,0.0,sum,True,2,True,3,False,False,0.872,True,0.627
163,0.001,0.0001,300,10,0.1,128,go2vec,2,2,cat,128,True,0.0,mean,True,2,False,3,False,False,0.871,True,0.6
573,0.001,0.01,500,10,0.1,128,go2vec,0,0,False,128,False,0.5,mean,True,3,True,3,False,False,0.87,True,0.735
412,0.001,0.01,400,10,0.1,16,go2vec,0,0,sum,128,True,0.5,mean,False,4,True,3,False,True,0.87,True,0.558
383,0.001,0.01,300,10,0.1,32,go2vec,2,0,False,32,False,0.0,mean,True,2,False,3,False,True,0.869,True,0.793
393,0.001,0.001,500,10,0.1,32,go2vec,0,0,False,32,False,0.3,sum,True,3,True,2,False,True,0.869,True,0.562
405,0.001,0.0001,500,10,0.1,32,go2vec,0,0,sum,32,False,0.5,mean,False,4,True,3,False,True,0.869,True,0.775
353,0.001,0.001,400,10,0.1,32,go2vec,1,0,cat,32,True,0.5,mean,False,4,False,3,False,False,0.869,True,0.834
161,0.001,0.0001,300,10,0.1,128,go2vec,2,0,cat,128,True,0.0,mean,True,2,False,2,False,False,0.868,True,0.449
46,0.001,0.01,400,10,0.1,128,go2vec,2,0,sum,16,False,0.5,sum,True,2,False,2,False,True,0.868,True,0.746
975,0.001,0.0001,400,10,0.1,128,go2vec,2,1,sum,64,False,0.5,sum,False,4,False,2,False,True,0.868,True,0.81
329,0.001,0.01,400,10,0.1,16,go2vec,2,1,sum,16,True,0.3,sum,True,3,True,3,False,False,0.868,True,0.637
229,0.001,0.01,500,10,0.1,32,go2vec,2,2,sum,32,False,0.0,mean,True,4,True,3,False,False,0.867,True,0.742
785,0.001,0.001,400,10,0.1,32,go2vec,2,2,sum,32,True,0.5,mean,True,3,True,2,False,True,0.867,True,0.518
213,0.001,0.001,300,10,0.1,64,go2vec,1,2,sum,32,True,0.0,mean,True,2,False,3,False,True,0.867,True,0.465
811,0.001,0.0001,500,10,0.1,16,go2vec,0,2,cat,128,True,0.0,mean,False,4,True,3,False,True,0.867,True,0.744
839,0.001,0.01,500,10,0.1,128,go2vec,1,0,cat,16,True,0.5,sum,True,4,True,3,False,True,0.867,True,0.629
385,0.001,0.01,300,10,0.1,32,go2vec,2,0,False,32,False,0.0,mean,True,2,True,2,False,True,0.867,True,0.789
66,0.001,0.001,400,10,0.1,16,go2vec,2,0,cat,16,False,0.5,sum,True,3,True,3,False,False,0.866,True,0.77
264,0.001,0.001,300,10,0.1,64,go2vec,2,1,cat,64,True,0.5,sum,False,2,True,1,False,False,0.866,True,0.63
116,0.001,0.0001,400,10,0.1,128,go2vec,1,0,sum,64,False,0.5,sum,False,3,True,2,False,True,0.866,True,0.752
615,0.001,0.001,400,10,0.1,64,go2vec,1,1,sum,32,True,0.5,mean,True,2,True,3,False,True,0.866,False,0.559
954,0.001,0.0001,300,10,0.1,128,go2vec,1,0,False,64,True,0.3,mean,True,3,True,3,False,False,0.866,True,0.806
602,0.001,0.0001,500,10,0.1,128,go2vec,1,1,sum,128,False,0.3,mean,True,2,True,1,False,False,0.865,True,0.725
396,0.001,0.0001,500,10,0.1,32,go2vec,0,0,sum,32,False,0.5,sum,True,3,True,2,False,True,0.865,True,0.712
745,0.001,0.0001,500,10,0.1,16,go2vec,2,2,sum,32,True,0.3,mean,True,2,False,3,False,True,0.865,True,0.744
440,0.001,0.01,500,10,0.1,128,go2vec,0,2,sum,16,True,0.0,sum,False,2,True,3,False,True,0.865,True,0.608
67,0.001,0.001,500,10,0.1,16,go2vec,2,0,cat,16,False,0.5,sum,True,3,True,3,False,False,0.864,True,0.776
208,0.001,0.01,300,10,0.1,128,go2vec,1,2,sum,64,False,0.0,mean,True,2,False,2,False,True,0.864,True,0.452
175,0.001,0.0001,400,10,0.1,128,go2vec,2,2,False,128,False,0.3,mean,True,3,True,2,False,False,0.864,True,0.736
557,0.001,0.0001,400,10,0.1,128,go2vec,2,2,cat,128,True,0.3,mean,False,2,True,2,False,False,0.864,True,0.769
114,0.001,0.001,400,10,0.1,128,go2vec,1,0,sum,64,True,0.5,sum,False,3,True,2,False,True,0.864,True,0.552
135,0.001,0.001,400,10,0.1,64,go2vec,2,1,sum,128,False,0.5,sum,False,1,False,2,False,False,0.863,True,0.559
720,0.001,0.0001,300,10,0.1,16,go2vec,2,0,cat,16,True,0.0,sum,True,4,True,3,False,True,0.863,True,0.805
734,0.001,0.001,500,10,0.1,16,go2vec,0,2,cat,32,True,0.0,sum,False,4,True,3,False,False,0.863,True,0.712
